O*NET-SOC Code,Arm-Hand Steadiness,Auditory Attention,Category Flexibility,Control Precision,Deductive Reasoning,Depth Perception,Dynamic Flexibility,Dynamic Strength,Explosive Strength,Extent Flexibility,Far Vision,Finger Dexterity,Flexibility of Closure,Fluency of Ideas,Glare Sensitivity,Gross Body Coordination,Gross Body Equilibrium,Hearing Sensitivity,Inductive Reasoning,Information Ordering,Manual Dexterity,Mathematical Reasoning,Memorization,Multilimb Coordination,Near Vision,Night Vision,Number Facility,Oral Comprehension,Oral Expression,Originality,Perceptual Speed,Peripheral Vision,Problem Sensitivity,Rate Control,Reaction Time,Response Orientation,Selective Attention,Sound Localization,Spatial Orientation,Speech Clarity,Speech Recognition,Speed of Closure,Speed of Limb Movement,Stamina,Static Strength,Time Sharing,Trunk Strength,Visual Color Discrimination,Visualization,Wrist-Finger Speed,Written Comprehension,Written Expression,Analyzing Data or Information,Assisting and Caring for Others,Coaching and Developing Others,Communicating with People Outside the Organization,"Communicating with Supervisors, Peers, or Subordinates",Controlling Machines and Processes,Coordinating the Work and Activities of Others,Developing Objectives and Strategies,Developing and Building Teams,Documenting/Recording Information,"Drafting, Laying Out, and Specifying Technical Devices, Parts, and Equipment",Establishing and Maintaining Interpersonal Relationships,"Estimating the Quantifiable Characteristics of Products, Events, or Information",Evaluating Information to Determine Compliance with Standards,Getting Information,"Guiding, Directing, and Motivating Subordinates",Handling and Moving Objects,"Identifying Objects, Actions, and Events","Inspecting Equipment, Structures, or Materials",Interpreting the Meaning of Information for Others,"Judging the Qualities of Objects, Services, or People",Making Decisions and Solving Problems,"Monitoring Processes, Materials, or Surroundings",Monitoring and Controlling Resources,"Operating Vehicles, Mechanized Devices, or Equipment","Organizing, Planning, and Prioritizing Work",Performing Administrative Activities,Performing General Physical Activities,Performing for or Working Directly with the Public,Processing Information,Providing Consultation and Advice to Others,Repairing and Maintaining Electronic Equipment,Repairing and Maintaining Mechanical Equipment,Resolving Conflicts and Negotiating with Others,Scheduling Work and Activities,Selling or Influencing Others,Staffing Organizational Units,Thinking Creatively,Training and Teaching Others,Updating and Using Relevant Knowledge,Working with Computers,SOC_Prefix,Probability of automation,Risk_Level
11-1011.00,0.94,2.06,3.75,1.25,4.4350000000000005,1.565,0.5,0.75,0.5,0.5,3.125,1.25,3.435,4.25,0.75,0.5,0.5,2.06,4.44,4.0600000000000005,0.5,3.5,3.0,1.25,4.0600000000000005,0.75,3.435,4.75,4.69,4.0,3.0,0.75,4.44,0.8799999999999999,0.8799999999999999,0.8799999999999999,3.06,0.8799999999999999,0.94,4.5,4.25,3.06,0.5,0.5,0.5,2.88,1.0,2.0,3.19,0.94,4.565,4.4350000000000005,4.609999999999999,3.205,5.279999999999999,5.01,5.285,1.93,4.85,5.015000000000001,5.005,3.7,1.435,5.67,3.17,4.67,4.725,5.405,1.97,4.68,2.37,3.765,4.305,5.425,4.73,4.43,2.275,5.11,4.335,1.93,4.15,4.720000000000001,4.6850000000000005,0.97,0.74,5.105,4.12,4.36,4.29,4.385,4.385,4.699999999999999,3.6,111,0.27787858249999997,Resilient
11-1011.03,0.5,1.875,3.31,1.0,4.315,1.875,0.5,0.5,0.5,0.5,2.815,1.565,2.94,4.0,0.5,0.5,0.5,1.875,4.0,3.685,0.5,2.875,2.565,1.0,3.37,0.5,2.94,4.3100000000000005,4.375,3.94,2.185,0.5,4.0,0.5,0.5,0.5,3.06,0.5,0.5,3.875,3.94,2.5,0.5,0.5,0.5,2.5,0.94,2.06,2.815,0.6200000000000001,4.125,4.25,4.515,2.705,4.355,5.295,5.369999999999999,1.28,4.555,5.029999999999999,4.5,3.425,2.055,5.484999999999999,3.945,4.02,5.075,4.355,1.37,4.195,2.24,4.720000000000001,4.115,5.109999999999999,3.775,4.345,1.405,5.220000000000001,3.595,1.74,3.985,4.37,4.615,1.205,1.095,4.07,4.279999999999999,4.59,3.76,4.59,3.925,4.945,3.685000000000001,111,0.27787858249999997,Resilient
11-1021.00,1.25,2.06,3.315,0.6200000000000001,4.0,1.75,0.5,0.6200000000000001,0.8799999999999999,0.75,2.685,1.0,2.56,3.315,0.5,1.06,0.8799999999999999,1.625,3.5,3.56,1.0,3.0,2.25,1.0,3.44,0.6200000000000001,2.94,4.0600000000000005,4.0600000000000005,3.31,2.315,0.75,4.0,0.5,1.12,0.5,2.88,0.75,1.06,3.75,3.56,2.315,0.5,1.25,1.19,2.815,2.0,1.815,2.75,1.315,4.0,4.0,4.154999999999999,3.025,4.220000000000001,3.995,4.595,1.975,4.305,3.69,3.845,3.655,1.87,4.77,3.09,3.54,4.245,4.5,2.31,3.89,2.465,3.3200000000000003,3.99,4.605,3.87,4.19,1.805,4.4,3.555,2.12,2.435,4.105,4.025,1.88,1.87,4.385,3.865,3.67,4.015000000000001,3.825,3.6,3.985,4.305,111,0.27787858249999997,Resilient
11-2011.00,0.94,1.5,3.63,0.6200000000000001,4.19,1.375,0.5,0.5,0.5,0.5,3.0,1.37,3.12,3.935,0.5,0.5,0.5,1.5,3.69,3.5,0.8799999999999999,3.06,2.44,0.5,3.935,0.5,3.0,4.19,4.5,3.815,2.815,0.5,3.81,0.5,0.5,0.5,2.815,0.5,0.5,3.94,3.94,2.685,0.5,0.5,0.5,2.435,1.25,2.815,3.185,1.25,4.0,3.94,3.66,2.185,2.95,5.035,4.7,1.62,3.47,3.66,3.035,3.18,0.91,4.615,2.685,2.1950000000000003,4.495,3.12,2.265,3.74,1.425,2.955,3.515,4.0,2.93,2.8,1.44,4.865,3.38,1.73,3.495,3.815,2.415,0.91,0.935,3.145,3.7,4.075,2.3,4.390000000000001,2.785,4.135,4.275,112,0.29069803200000005,Resilient
11-2021.00,0.6200000000000001,1.75,3.435,0.5,4.13,1.25,0.5,0.75,0.5,0.5,3.065,1.5,3.0,4.0,0.5,0.5,0.5,1.69,3.815,3.375,0.5,3.37,2.81,0.5,3.625,0.5,3.31,4.19,4.0600000000000005,3.81,2.815,0.5,3.75,0.5,0.5,0.5,2.88,0.5,0.5,3.815,3.75,2.875,0.5,0.5,0.5,2.685,1.315,2.88,3.0,1.185,4.0600000000000005,4.0,3.895,2.325,3.55,4.9,5.015000000000001,0.7849999999999999,4.4,4.12,4.17,2.765,0.96,5.279999999999999,3.315,2.59,4.655,4.035,1.09,4.4,1.085,3.185,3.45,4.505,3.4450000000000003,3.515,1.36,5.105,2.77,1.385,2.94,3.64,3.76,0.73,0.71,4.3100000000000005,3.68,4.85,2.215,4.495,3.24,4.175,3.76,112,0.29069803200000005,Resilient
11-2022.00,0.6200000000000001,1.75,3.435,0.8799999999999999,3.94,1.0,0.5,0.5,0.5,0.5,2.75,1.0,2.88,3.815,0.5,0.5,0.5,1.31,3.94,3.06,0.8799999999999999,3.315,2.94,0.75,3.25,0.5,3.25,4.19,4.0,3.815,2.435,0.5,3.88,0.5,0.5,0.5,2.75,0.5,1.06,3.875,3.935,2.94,0.5,0.5,0.5,2.37,1.565,1.81,2.375,1.12,4.0,4.0,4.38,3.14,5.085,5.015000000000001,5.109999999999999,1.17,4.765000000000001,4.45,4.9,3.715,1.0,5.234999999999999,3.045,3.595,4.43,5.19,0.98,4.05,1.36,3.585,4.505000000000001,5.055,3.335,3.67,1.5,4.765,3.55,1.0,3.86,4.0200000000000005,5.195,0.715,0.5750000000000001,5.0,3.81,5.595000000000001,4.31,4.145,4.76,4.33,3.955,112,0.29069803200000005,Resilient
11-2033.00,0.5,2.125,3.06,0.6200000000000001,4.0,0.5,0.5,1.25,0.5,0.5,2.875,0.6200000000000001,2.375,3.81,0.5,0.5,0.5,1.63,3.315,3.375,0.6200000000000001,3.065,2.62,0.5,3.63,0.5,3.06,4.12,4.1850000000000005,3.69,2.12,0.5,3.5,0.5,0.5,0.5,2.69,0.815,0.75,3.88,3.75,2.375,0.5,0.5,0.5,2.63,2.0,2.06,2.06,1.685,4.0,4.13,3.67,2.38,3.025,4.495,4.7,1.12,3.4,4.07,3.28,3.775,0.5750000000000001,4.925,2.065,3.805,4.475,2.775,1.6949999999999998,3.1,1.825,3.14,2.855,4.055,3.2,2.6,1.42,4.865,3.695,2.17,3.35,4.365,2.895,0.785,0.56,3.03,3.33,3.415,2.12,3.995,3.22,4.605,4.01,112,0.29069803200000005,Resilient
11-3012.00,2.06,2.25,3.12,1.875,3.75,1.81,0.5,1.125,1.125,1.125,2.75,2.31,2.63,3.12,1.06,1.06,1.06,2.12,3.44,3.12,1.81,2.56,2.62,1.31,3.62,1.06,2.75,4.0,4.0,3.06,2.565,1.06,3.625,1.25,1.19,1.06,3.06,1.125,1.0,3.56,3.62,2.37,0.5,0.94,1.31,3.0,1.5,2.0,2.815,0.815,4.0,3.94,3.62,3.355,4.005,3.87,4.77,2.85,4.325,3.15,3.62,3.95,2.01,4.7,3.165,3.79,4.825,4.335,3.68,4.135,2.975,3.01,3.69,4.445,4.06,4.0,2.25,4.92,4.125,3.35,3.075,4.055,3.605,2.415,2.5,4.19,4.640000000000001,2.37,3.505,3.855,3.51,4.43,3.935000000000001,113,0.27822007857142855,Resilient
11-3013.00,2.56,2.44,3.185,2.44,3.75,2.25,0.75,1.69,1.565,2.25,3.06,2.38,3.065,3.0,1.5,1.69,1.63,2.06,3.685,3.685,2.44,2.685,2.625,2.06,3.5,1.5,2.62,3.815,3.815,2.875,2.75,2.0,3.75,1.69,2.06,2.125,2.815,1.435,2.5,3.56,3.62,2.5,0.685,2.0,1.875,2.685,2.56,2.38,2.685,2.12,3.875,3.75,3.89,3.03,3.845,4.4350000000000005,4.725,3.785,4.515,3.7,3.985,3.635,3.835,4.275,3.68,3.95,4.59,4.19,3.88,4.445,3.875,3.735,4.285,4.87,4.475,4.16,3.115,5.04,3.9,3.675,3.03,3.885,3.78,3.1100000000000003,3.415,4.375,4.325,2.6900000000000004,3.6,4.48,3.705,4.425,3.79,113,0.27822007857142855,Resilient
11-3013.01,2.185,2.815,3.56,1.815,4.0600000000000005,2.06,0.5,1.875,1.75,2.12,3.56,1.88,3.62,3.94,1.75,1.81,1.69,2.625,4.0,3.75,1.935,2.75,2.815,1.935,3.685,2.125,2.815,4.0600000000000005,4.1850000000000005,3.56,3.065,1.87,4.625,1.315,2.0,2.12,3.625,2.065,2.0,3.75,3.94,3.44,1.625,1.875,2.065,3.125,2.38,2.685,2.94,1.75,4.12,4.0600000000000005,4.630000000000001,4.27,4.885,4.4,5.1,2.6,4.5,4.475,4.65,4.365,3.025,4.975,3.5700000000000003,4.575,4.75,4.68,3.225,4.45,3.815,3.84,4.1850000000000005,5.125,4.4,4.265000000000001,2.375,4.675,3.725,3.455,3.775,4.35,4.65,2.59,2.35,4.95,4.45,4.05,4.495,4.295,4.525,4.79,4.425,113,0.27822007857142855,Resilient
11-3021.00,2.125,1.875,3.185,2.0,4.0,1.435,0.5,1.0,0.5,0.5,2.815,2.06,3.0,3.565,0.685,0.5,0.5,1.625,4.0,3.875,2.06,3.0,2.62,0.8799999999999999,3.75,0.5,3.12,4.25,4.19,3.375,2.75,0.5,4.0,0.75,0.75,0.75,2.88,0.5,0.6200000000000001,3.435,3.44,2.75,0.5,0.5,0.5,2.37,1.435,2.38,3.0,1.69,4.19,3.935,4.595000000000001,2.36,4.38,3.165,4.805,1.76,4.53,4.3100000000000005,4.46,3.735,1.945,4.48,3.875,4.155,4.76,4.495,2.005,4.725,3.155,3.905,4.325,4.835,4.5600000000000005,4.03,1.345,5.154999999999999,3.605,1.95,1.665,4.575,4.365,1.885,1.235,4.09,4.125,3.4,4.02,4.390000000000001,3.51,4.62,5.5,113,0.27822007857142855,Resilient
11-3031.00,1.315,1.81,3.31,0.815,4.3100000000000005,1.06,0.5,0.5,0.5,0.5,2.185,1.435,3.315,3.44,0.5,0.5,0.5,1.25,4.0,3.625,1.315,3.625,2.56,0.5,3.935,0.6200000000000001,3.875,4.3100000000000005,4.37,3.0,2.75,0.685,3.94,0.5,0.5,0.5,2.685,0.685,0.5,4.0,3.815,3.0,0.5,0.685,0.5,2.125,1.63,1.0,2.12,1.81,4.37,4.0,4.16,2.54,4.445,3.635,4.57,1.51,4.205,3.885,3.495,3.575,0.905,4.609999999999999,2.385,4.3100000000000005,4.59,4.35,1.375,3.595,1.745,3.285,4.025,4.57,3.38,2.895,1.405,4.565,3.675,1.59,3.47,4.56,3.785,0.995,0.7999999999999999,3.5250000000000004,3.915,2.8200000000000003,3.0250000000000004,3.28,3.665,4.3,3.92,113,0.27822007857142855,Resilient
11-3031.01,0.5,1.435,3.69,0.5,4.3100000000000005,1.12,0.5,0.75,0.5,0.5,2.5,2.06,3.0,3.435,0.5,0.5,0.5,1.435,4.25,3.88,0.6200000000000001,4.065,2.75,0.5,4.0600000000000005,0.5,4.065,4.0600000000000005,4.44,3.375,3.12,0.5,4.3100000000000005,0.5,0.5,0.5,2.62,0.5,0.5,3.685,3.685,3.0,0.5,0.5,0.5,2.19,1.19,1.565,2.5,0.815,4.25,4.0600000000000005,5.27,2.55,4.44,4.91,5.195,1.02,3.98,4.75,4.23,3.905,0.74,4.995,3.35,4.23,5.04,4.505,1.04,4.38,1.3,4.355,4.0600000000000005,5.265000000000001,3.4,4.32,0.73,4.87,3.79,0.95,1.83,4.86,4.445,0.68,0.5,4.23,4.085,3.475,3.89,4.1,3.62,4.8100000000000005,4.28,113,0.27822007857142855,Resilient
11-3031.03,0.5,1.81,3.565,0.5,4.25,1.25,0.5,0.5,0.5,0.5,2.88,2.065,3.44,3.5,0.5,0.5,0.5,1.81,4.0,3.88,0.5,4.065,2.94,0.5,3.75,0.5,3.935,4.19,4.125,3.44,3.0,0.5,4.0,0.5,0.5,0.5,3.185,0.5,0.5,3.75,3.625,3.0,0.5,0.5,0.5,2.815,0.5,1.935,2.75,0.5,4.19,4.065,5.345000000000001,1.61,3.52,4.615,4.575,0.845,2.9,3.885,3.24,3.685,0.5900000000000001,4.31,4.175,3.82,5.345,2.925,0.78,4.775,1.375,4.17,4.265,4.99,3.215,2.365,0.705,4.3,2.105,0.76,1.875,5.085,3.48,0.5900000000000001,0.5,2.935,2.985,3.585,1.965,4.28,3.585,4.58,4.27,113,0.27822007857142855,Resilient
11-3051.00,2.315,2.815,3.565,2.25,4.125,2.06,0.5,1.375,1.0,1.75,2.94,2.5,3.125,3.75,0.815,1.75,0.94,1.875,3.94,4.0,2.0,3.37,2.88,1.875,3.375,0.815,3.185,4.125,4.0600000000000005,3.5,3.06,0.8799999999999999,4.0600000000000005,2.12,2.25,1.375,3.06,1.06,1.315,3.75,3.62,2.88,1.435,1.75,1.75,2.88,2.38,2.815,3.185,1.94,4.0,3.75,3.5,2.56,4.07,3.345,4.4350000000000005,4.195,3.98,3.53,3.7,3.585,2.76,4.36,3.395,3.63,4.37,4.195,4.11,3.96,3.985,3.175,3.695,4.535,4.505000000000001,3.625,2.56,4.29,3.09,3.125,2.205,3.92,3.3,2.8,3.05,3.93,3.91,2.465,3.11,4.03,3.58,4.19,4.135,113,0.27822007857142855,Resilient
11-3051.01,2.38,2.315,3.25,2.315,4.125,2.185,0.5,0.815,0.5,0.94,3.185,2.25,3.75,3.5,0.5,0.815,0.6200000000000001,2.315,4.19,3.625,2.25,3.185,2.94,1.69,3.94,0.5,3.12,4.125,4.0600000000000005,3.06,3.375,0.5,4.37,1.12,1.25,1.0,3.065,0.6200000000000001,0.815,3.685,3.5,3.185,0.5,1.0,0.8799999999999999,2.815,1.69,3.0,2.875,1.565,4.0600000000000005,4.0600000000000005,4.83,2.4,4.195,4.015,5.16,3.145,4.01,3.74,3.935,4.805,2.44,4.555,4.065,4.815,4.765000000000001,4.12,2.975,4.77,4.295,4.35,4.445,4.615,4.6850000000000005,3.49,1.805,4.859999999999999,3.3550000000000004,2.595,1.475,4.725,4.49,2.21,2.3,4.08,4.13,2.605,3.81,3.98,4.235,4.53,4.0,113,0.27822007857142855,Resilient
11-3051.02,2.315,2.625,3.375,2.62,4.0,2.19,0.75,0.815,0.685,0.875,3.185,2.815,3.12,3.19,1.25,0.815,1.75,2.5,3.63,3.56,2.185,3.5,2.56,2.31,3.315,1.125,3.31,4.25,4.1850000000000005,3.065,3.125,1.5,4.0600000000000005,1.75,2.25,1.81,3.125,1.37,1.875,3.44,3.5,2.685,1.37,0.6200000000000001,0.935,2.625,2.06,2.94,3.0,0.815,3.87,3.685,4.16,3.38,4.14,4.125,5.025,2.395,4.805,3.61,4.44,3.86,3.345,4.585,3.75,4.34,4.5600000000000005,4.245,2.55,4.55,4.2,3.39,4.43,4.699999999999999,4.745,4.455,2.895,5.1,3.735,2.815,1.84,4.425,3.845,2.725,3.47,4.17,5.050000000000001,3.125,3.625,4.12,3.995,4.435,4.135,113,0.27822007857142855,Resilient
11-3051.03,2.685,3.0,3.25,2.315,3.815,2.0,0.5,1.31,1.125,1.69,3.12,2.065,3.25,3.185,1.31,1.375,1.565,2.75,3.69,3.435,2.19,3.25,2.685,2.0,3.56,0.5,3.065,4.3100000000000005,4.0600000000000005,3.31,3.435,0.5,3.75,2.38,2.75,1.19,3.56,0.5,0.6200000000000001,3.88,3.62,3.0,0.685,1.81,1.75,3.125,2.25,3.0,2.875,2.31,4.0600000000000005,3.75,4.08,2.7350000000000003,4.28,3.3,4.69,3.425,4.4,3.195,4.045,3.71,2.46,4.225,3.355,3.795,4.32,4.609999999999999,2.46,4.154999999999999,3.74,3.665,3.9,4.68,4.635,3.89,2.215,4.265,3.25,2.96,1.835,4.355,3.86,2.18,2.585,4.07,3.85,2.65,3.64,4.145,3.995,4.105,3.78,113,0.27822007857142855,Resilient
11-3051.04,2.75,2.935,3.375,2.565,4.125,2.19,0.6200000000000001,1.06,1.0,1.81,3.185,2.62,3.25,3.185,1.435,1.69,1.75,2.315,3.94,3.75,2.25,3.06,2.815,2.12,3.435,0.815,3.12,4.0600000000000005,4.0600000000000005,3.0,3.25,0.94,4.3100000000000005,2.0,2.185,1.565,3.12,1.0,1.375,3.685,3.5,3.0,0.6200000000000001,1.69,1.87,2.62,2.25,2.815,2.935,0.875,4.125,3.875,4.255,2.59,4.52,3.09,4.275,4.125,4.33,3.905,4.415,4.005,3.095,4.275,3.51,4.025,4.505,4.585,3.475,4.31,4.09,2.83,4.07,4.635,4.609999999999999,4.185,2.795,5.0600000000000005,2.965,2.9850000000000003,1.48,4.815,3.26,3.795,4.04,3.975,4.645,2.37,3.52,4.055,3.79,4.1850000000000005,4.185,113,0.27822007857142855,Resilient
11-3051.06,2.625,2.94,3.435,2.56,3.88,2.375,0.5,1.31,0.5,1.875,3.0,2.44,3.435,3.38,1.875,0.5,1.5,2.75,3.75,3.75,2.375,3.315,2.81,1.935,3.5,1.565,3.315,4.1850000000000005,4.25,3.185,3.685,1.5,4.0,2.0,2.625,2.0,3.315,1.63,2.19,3.685,3.62,3.065,0.5,0.815,0.5,3.06,2.25,3.31,3.315,2.44,4.25,3.87,3.97,2.975,4.17,3.6,4.8,3.485,4.67,3.88,4.03,4.390000000000001,3.495,4.215,3.58,4.105,4.285,4.375,2.625,4.285,4.515000000000001,3.78,3.905,4.68,4.529999999999999,4.32,2.72,4.73,3.68,2.705,2.985,4.09,3.98,3.285,4.15,4.57,4.4350000000000005,2.41,3.725,3.84,3.865,4.23,3.58,113,0.27822007857142855,Resilient
11-3061.00,0.5,2.125,3.31,0.5,3.94,1.56,0.5,1.06,0.5,0.5,2.56,0.5,2.875,3.88,0.5,0.5,0.5,2.0,3.75,3.815,0.5,3.37,2.685,0.5,3.5,0.5,3.315,4.0,4.0600000000000005,3.625,2.875,0.5,3.75,0.5,0.5,0.5,3.185,0.5,0.5,3.815,3.94,2.75,0.5,0.5,0.5,2.62,1.435,2.0,2.125,0.94,4.0,3.875,4.1850000000000005,2.9,4.505,4.665,5.0,1.625,4.365,4.135,4.055,3.945,2.395,4.825,3.315,4.055,4.605,4.58,1.71,3.605,2.91,3.37,3.395,4.76,3.585,3.985,1.315,5.005,3.92,1.6549999999999998,3.24,4.21,4.234999999999999,0.97,1.055,4.6850000000000005,3.7,2.635,3.82,3.97,4.11,4.574999999999999,3.79,113,0.27822007857142855,Resilient
11-3071.00,1.37,2.185,3.565,1.435,3.815,1.81,0.5,1.0,0.5,0.5,3.125,1.5,3.125,3.44,1.25,0.5,0.5,2.0,3.69,3.565,1.375,2.815,2.56,1.125,3.625,1.5,2.94,3.875,3.935,3.25,2.88,1.435,3.815,1.25,1.315,1.25,2.875,1.25,1.69,3.5,3.44,2.75,0.5,0.5,0.5,2.685,2.0,2.315,2.56,1.685,3.94,3.875,4.02,2.9850000000000003,4.17,4.345,4.75,2.205,4.34,3.825,4.2,3.595,2.065,4.35,3.38,4.115,4.539999999999999,4.49,2.885,3.88,3.225,3.4,3.895000000000001,4.62,4.03,4.115,2.6950000000000003,4.695,3.455,2.47,2.875,4.074999999999999,3.805,1.73,2.115,4.45,4.234999999999999,3.41,3.755,4.065,3.875,4.18,3.85,113,0.27822007857142855,Resilient
11-3071.04,0.5,1.935,3.75,0.6200000000000001,3.88,1.69,0.5,0.5,0.5,0.5,2.94,1.63,3.0,3.185,0.5,0.5,0.5,1.88,3.88,3.815,0.5,3.31,2.435,0.5,3.56,0.5,3.06,4.0600000000000005,4.0600000000000005,3.25,2.88,0.5,3.94,0.5,0.5,0.5,3.06,0.5,0.5,3.5,3.5,2.56,0.5,0.5,0.5,2.75,1.185,2.31,2.75,0.815,4.125,4.0,4.550000000000001,2.335,4.595000000000001,4.33,4.904999999999999,1.95,4.455,4.38,4.69,3.595,2.5,4.955,3.665,3.785,4.335,4.88,2.265,3.88,2.885,3.81,3.835,4.785,3.69,4.545,1.81,4.765000000000001,3.38,1.825,2.545,3.905,4.43,1.355,1.38,4.8100000000000005,4.165,3.765,4.19,4.26,4.09,4.405,4.05,113,0.27822007857142855,Resilient
11-3111.00,0.75,1.44,3.12,0.5,3.5,0.5,0.5,0.75,0.5,0.5,2.12,0.6200000000000001,2.44,3.315,0.5,0.5,0.5,1.12,3.44,3.12,0.5,3.315,2.06,0.5,3.44,0.5,3.25,4.0600000000000005,4.0600000000000005,3.12,2.185,0.5,3.625,0.5,0.5,0.5,2.375,0.5,0.5,3.815,3.62,2.25,0.5,0.5,0.5,2.06,1.5,1.315,1.81,1.06,4.125,4.0600000000000005,4.3100000000000005,2.855,4.105,4.5,5.095000000000001,1.19,3.88,4.24,3.725,3.88,0.5,4.93,2.0500000000000003,4.425000000000001,4.83,4.17,1.24,3.43,1.095,3.785,3.24,4.595000000000001,3.095,3.915,0.55,4.785,4.19,1.095,1.31,4.265,4.37,0.5750000000000001,0.5,4.495,3.95,3.095,2.885,3.925,3.595,4.76,4.07,113,0.27822007857142855,Resilient
11-3121.00,0.6200000000000001,2.06,3.5,0.6200000000000001,4.125,1.0,0.5,0.8799999999999999,0.5,0.5,2.88,1.0,2.94,3.935,0.5,0.5,0.5,1.435,4.0,3.5,0.6200000000000001,3.125,3.0,0.5,4.0,0.5,3.125,4.315,4.5,3.875,2.62,0.5,3.94,0.5,0.5,0.5,3.19,0.5,0.6200000000000001,4.3100000000000005,4.3100000000000005,3.12,0.5,0.5,0.5,2.5,1.625,1.375,2.06,1.56,4.38,4.12,4.315,3.615,4.9350000000000005,4.405,5.4350000000000005,1.275,4.48,4.295,4.795,4.135,0.75,5.48,2.885,4.885,4.635,4.91,1.795,3.93,1.955,4.025,4.295,5.025,3.99,4.135,1.41,5.09,4.295,1.84,3.205,4.455,5.16,1.09,0.705,5.525,4.23,3.77,5.09,4.205,4.725,4.615,3.865,113,0.27822007857142855,Resilient
11-3131.00,1.0,1.935,3.685,0.75,3.88,1.06,0.5,0.8799999999999999,0.5,0.5,3.19,1.435,2.815,3.94,0.5,0.5,0.5,1.5,3.815,3.815,1.12,2.685,2.94,0.5,3.75,0.5,2.56,4.065,4.375,3.815,2.815,0.5,3.875,0.5,0.5,0.5,2.815,0.5,0.5,4.38,3.88,2.88,0.5,0.6200000000000001,0.5,2.5,1.5,2.06,2.62,1.0,3.94,4.315,4.195,2.77,5.109999999999999,3.5,5.645,0.945,4.535,4.375,4.785,4.125,1.36,5.25,3.54,4.0,4.8,4.93,1.5550000000000002,4.0200000000000005,1.82,4.41,3.66,4.695,4.02,3.66,0.7849999999999999,5.140000000000001,3.59,1.605,1.395,4.43,4.95,0.8,0.61,4.25,4.640000000000001,3.74,3.59,4.645,5.66,4.890000000000001,4.375,113,0.27822007857142855,Resilient
11-9013.00,3.0,2.56,3.815,3.065,4.0,2.44,0.685,2.125,1.94,2.5,3.44,2.56,3.375,3.5,1.81,2.0,2.0,2.625,4.0,3.75,2.625,3.25,2.75,2.94,3.5,1.625,2.94,4.0,4.0,3.435,3.25,2.13,4.0,2.25,2.625,2.5,3.0,1.935,2.44,3.685,3.685,2.815,0.94,2.125,2.5,2.685,2.685,2.875,3.435,2.06,3.875,3.75,3.885,2.785,3.6,3.775,4.205,3.78,4.09,3.965,3.1900000000000004,3.53,2.185,4.155,3.465,3.465,4.115,3.835,4.13,3.935,3.7,3.175,3.48,4.67,4.175,4.32,3.76,4.720000000000001,3.345,3.785,3.145,3.765,3.23,2.73,3.465,3.81,3.97,3.375,3.34,4.27,3.545,4.2,2.98,119,0.370123833,Augmentable
11-9021.00,1.815,2.94,3.815,2.13,4.19,2.5,0.5,1.565,1.185,1.87,3.685,1.69,3.62,3.5,1.69,1.75,1.81,2.12,4.0,4.125,1.5,3.625,2.75,1.875,3.88,1.125,3.435,4.125,4.25,3.185,3.0,1.12,4.1850000000000005,1.185,1.75,1.06,3.25,1.0,2.06,3.815,3.815,3.12,0.6200000000000001,1.69,1.87,3.06,2.5,3.06,4.13,1.315,4.0600000000000005,4.0,3.9,3.53,4.4,4.375,4.725,3.225,4.925000000000001,3.72,4.37,4.1,3.675,4.475,3.595,4.529999999999999,4.325,4.699999999999999,3.85,3.92,4.4,3.425,4.105,4.63,4.6,4.4,3.1,4.925,3.75,3.775,3.0,4.275,4.1,2.5,2.6,4.5,4.625,3.675,4.15,3.66,4.395,4.325,3.45,119,0.370123833,Augmentable
11-9031.00,1.94,2.125,3.12,0.94,4.0600000000000005,1.315,0.5,1.5,1.06,1.5,3.06,1.875,2.88,3.5,0.5,1.25,1.25,1.94,3.88,3.685,1.44,2.88,3.0,1.185,3.5,0.5,2.815,4.0600000000000005,4.19,3.375,2.56,0.5,3.94,0.5,0.5,0.5,3.12,0.5,0.5,3.88,3.69,2.75,0.5,1.38,1.5,2.815,2.185,2.06,2.44,1.25,4.0600000000000005,4.1850000000000005,2.715,4.305,4.36,4.525,4.675,1.34,4.215,3.555,3.875,3.635,1.17,4.795,2.92,4.18,3.93,4.27,2.825,3.3200000000000003,2.91,3.045,3.77,4.285,3.475,4.045,1.31,4.34,4.13,2.975,4.365,3.14,3.815,1.255,0.87,4.455,4.05,3.225,3.78,4.15,4.445,3.98,3.455,119,0.370123833,Augmentable
11-9032.00,0.6200000000000001,2.25,3.94,0.5,4.69,1.25,0.5,0.6200000000000001,1.0,0.8799999999999999,3.5,1.0,3.12,4.0,0.5,1.25,0.8799999999999999,1.75,4.12,4.0,0.5,3.31,3.0,0.6200000000000001,3.88,0.5,3.065,4.815,4.94,3.94,2.75,0.6200000000000001,4.375,0.5,0.5,0.8799999999999999,3.06,0.6200000000000001,0.5,4.5600000000000005,4.315,3.06,0.5,1.44,0.75,2.875,2.125,2.0,2.44,1.25,4.75,4.63,4.53,4.13,5.26,5.275,5.395,1.885,5.04,4.37,4.815,4.08,1.8,5.755000000000001,3.35,3.645,4.67,4.42,2.145,3.945,2.92,3.645,3.9,5.220000000000001,4.44,3.995,1.6349999999999998,5.01,4.66,2.22,4.455,4.285,4.92,1.5499999999999998,1.575,4.970000000000001,3.86,3.68,4.565,4.574999999999999,5.275,4.37,3.785,119,0.370123833,Augmentable
11-9033.00,0.6200000000000001,1.69,3.685,0.5,3.94,0.6200000000000001,0.5,0.75,0.5,0.5,2.685,1.37,3.12,3.815,0.5,0.5,0.5,1.94,4.0600000000000005,3.815,0.5,3.065,2.75,0.5,3.625,0.5,2.94,4.44,4.5,3.94,2.62,0.5,4.0,0.5,0.5,0.5,3.19,0.5,0.5,4.0600000000000005,4.0,2.815,0.5,0.5,0.5,2.685,1.125,1.875,2.435,0.5,4.3100000000000005,4.4350000000000005,4.46,2.82,4.44,4.29,5.035,0.855,4.355,4.404999999999999,4.220000000000001,3.495,0.635,5.01,3.285,4.525,4.64,4.425,1.115,4.640000000000001,1.725,4.15,4.345000000000001,5.095000000000001,4.04,3.47,0.855,5.140000000000001,4.19,1.495,3.11,4.325,3.995,0.855,0.725,4.390000000000001,4.03,3.42,3.61,4.41,3.855,4.67,3.47,119,0.370123833,Augmentable
11-9041.00,1.875,2.0,3.565,2.0,4.065,2.06,0.5,0.5,0.5,0.5,3.435,2.185,3.31,3.935,0.5,0.5,0.5,1.75,4.065,3.815,1.94,4.0,2.815,1.185,3.875,0.5,3.69,4.4350000000000005,4.4350000000000005,3.81,2.94,0.5,4.0,0.5,0.5,0.5,3.185,0.5,0.94,4.0,3.815,2.94,0.5,0.5,0.5,2.56,1.125,3.06,4.0,0.875,4.5,4.25,4.085,2.35,4.48,5.005,4.845000000000001,2.375,5.16,3.16,3.93,3.955,4.865,4.335,4.065,4.975,5.02,4.415,2.04,4.65,3.68,4.02,3.86,5.105,4.26,3.41,1.81,4.865,2.75,2.03,2.535,4.6850000000000005,3.3600000000000003,1.725,1.625,4.135,4.390000000000001,3.335,3.0700000000000003,4.699999999999999,4.315,4.705,4.355,119,0.370123833,Augmentable
11-9041.01,2.75,2.5,3.625,2.565,4.19,2.125,0.5,1.375,0.5,1.435,3.185,2.94,3.25,3.63,0.5,1.5,1.435,2.685,3.935,3.88,2.44,3.625,2.81,1.94,3.625,0.5,3.375,4.125,4.0,3.81,3.13,0.5,4.0,1.435,1.5,1.565,3.44,0.5,0.6200000000000001,3.5,3.38,2.685,0.5,1.565,1.375,2.94,1.81,3.19,3.065,1.375,4.125,4.0,5.13,2.575,3.42,4.065,4.835,3.595,4.0,4.300000000000001,4.16,4.275,3.065,4.26,4.2,4.005,4.84,3.755,2.88,4.755,3.705,4.585,4.24,4.92,4.605,3.865,1.795,4.57,2.78,2.955,2.145,5.095000000000001,4.38,3.1100000000000003,2.73,3.375,3.99,3.22,2.855,4.79,3.515,4.824999999999999,4.425,119,0.370123833,Augmentable
11-9051.00,2.94,2.62,3.0,2.0,3.815,1.75,0.5,1.94,1.185,2.0,3.0,2.88,2.685,2.94,0.5,1.875,1.315,1.815,3.0,3.0,3.0,2.815,2.75,2.0,3.12,0.5,2.94,3.94,3.94,2.94,2.88,0.5,3.88,1.12,1.38,0.8799999999999999,3.0,0.5,0.75,3.375,3.12,2.5,0.8799999999999999,2.06,2.0,2.815,2.315,2.06,2.31,1.69,3.815,3.25,3.0,3.115,4.3100000000000005,3.11,3.855,2.81,3.86,3.345,3.605,2.71,1.945,3.965,3.22,3.52,4.220000000000001,4.03,4.17,4.475,3.33,2.75,3.385,3.9,3.535,3.7,1.555,3.69,3.14,3.52,3.56,3.19,3.2,2.09,2.28,3.755,3.655,3.085,4.16,3.335,3.695,3.48,2.845,119,0.370123833,Augmentable
11-9071.00,1.44,2.815,3.185,1.19,3.75,1.81,0.5,1.38,1.38,0.5,3.565,1.94,3.25,3.0,0.5,1.69,1.44,2.12,3.815,3.56,1.44,3.0,2.88,1.125,3.435,0.5,3.25,3.94,4.0,2.815,3.06,0.6200000000000001,3.875,0.94,1.25,1.125,3.31,0.5,0.5,3.75,3.935,3.12,1.0,1.81,1.0,3.125,2.31,2.75,2.25,0.815,3.44,3.44,3.695,2.545,4.08,2.86,4.515,2.59,3.88,3.465,3.485,3.48,1.505,4.335,2.875,4.165,4.305,3.965,2.615,3.985,2.745,2.88,3.37,4.03,3.85,3.6,1.245,4.035,3.24,2.12,4.5,3.815,3.435,1.795,1.65,4.48,3.895,2.74,3.875,3.365,3.745,3.715,3.575,119,0.370123833,Augmentable
11-9072.00,1.63,2.0,3.25,1.25,3.625,1.5,0.5,1.5,1.19,1.69,2.815,1.37,2.75,3.375,0.6200000000000001,1.87,1.69,1.5,3.5,3.315,1.31,2.75,2.44,2.13,3.5,0.685,2.875,3.94,4.0600000000000005,3.315,2.44,0.815,3.685,0.75,0.815,0.685,3.0,0.685,1.0,3.625,3.565,2.185,0.685,1.63,1.75,2.56,2.0,2.0,2.69,1.625,3.685,3.75,3.185,3.655,4.225,4.5600000000000005,4.765000000000001,1.85,4.01,3.9,3.925,3.225,1.4,4.925,3.065,2.495,4.73,4.395,4.075,4.255,2.695,4.085,3.17,4.5,3.735,3.83,2.1,4.96,3.615,3.61,4.33,3.125,3.96,1.71,1.59,4.34,4.365,3.3200000000000003,4.36,4.494999999999999,4.34,4.195,3.715,119,0.370123833,Augmentable
11-9081.00,2.435,2.06,3.125,2.0,3.75,2.13,0.5,1.69,1.25,1.69,2.94,2.19,3.0,3.56,1.185,1.69,1.69,2.185,3.435,3.435,1.875,3.065,2.685,2.06,3.435,1.06,2.75,4.0,4.0600000000000005,3.5,2.88,1.25,3.875,1.75,1.75,1.81,3.06,1.185,1.87,3.94,4.0,2.94,0.5,1.69,1.565,2.88,2.06,2.13,2.56,1.56,4.0,4.0,3.59,3.985,4.255,4.43,4.67,2.505,4.195,3.965,3.75,3.405,1.37,4.63,2.08,3.41,4.37,4.63,3.0,4.494999999999999,2.715,2.94,3.205,4.715,3.55,3.4450000000000003,2.215,4.390000000000001,4.055,2.57,4.5600000000000005,3.635,3.89,1.625,1.915,4.57,4.25,3.955,4.45,4.06,4.359999999999999,3.595,4.195,119,0.370123833,Augmentable
11-9111.00,1.0,2.125,3.31,0.75,4.0,1.625,0.5,1.25,0.5,0.5,2.94,1.0,2.88,3.435,0.5,0.5,0.5,2.0,4.0,3.685,1.0,3.25,2.75,0.5,3.815,0.5,3.0,4.565,4.0600000000000005,3.435,2.685,0.5,4.0,0.5,0.5,0.5,2.94,0.5,0.5,4.0,3.94,2.44,0.5,0.5,0.5,2.56,1.75,2.06,2.12,1.315,4.25,4.0600000000000005,4.735,3.735,5.07,4.165,5.095,2.255,4.84,4.175,4.43,4.265000000000001,1.735,5.0,3.215,4.734999999999999,4.775,5.165,2.14,4.25,2.465,3.91,4.1,4.859999999999999,4.66,4.575,1.395,4.965,4.52,2.23,3.52,4.805,4.71,1.39,1.375,4.84,4.609999999999999,3.18,4.605,4.28,4.630000000000001,4.890000000000001,4.369999999999999,119,0.370123833,Augmentable
11-9121.00,1.37,2.06,3.94,1.31,4.5,1.81,0.5,0.75,0.6200000000000001,0.94,2.94,1.875,3.06,3.625,0.8799999999999999,1.06,1.0,1.875,4.44,4.0,1.06,3.625,2.25,1.375,3.815,0.8799999999999999,3.5,4.44,4.5,3.63,2.375,1.06,4.0,1.125,1.31,1.185,2.94,1.06,1.25,4.315,3.815,2.25,0.5,0.94,1.0,2.12,1.63,1.94,2.315,0.94,4.5600000000000005,4.5,4.815,2.175,4.215,4.48,5.1,3.26,4.55,4.425000000000001,4.24,4.655,2.175,4.86,3.675,4.4,4.525,4.435,2.665,4.955,3.5,4.44,4.105,5.045,4.92,4.155,2.38,5.24,3.425,2.6100000000000003,2.18,4.855,3.915,2.05,2.085,3.355,4.449999999999999,2.85,3.975,4.295,3.83,5.065,3.79,119,0.370123833,Augmentable
11-9121.01,0.5,2.13,3.375,0.5,4.0,1.25,0.5,0.75,0.5,0.6200000000000001,3.0,1.875,3.0,3.0,0.5,0.5,0.5,1.875,3.88,3.94,0.5,3.0,2.75,0.5,3.62,0.5,3.0,4.19,4.125,2.94,2.94,0.5,4.0,0.5,0.5,0.5,2.88,0.5,0.6200000000000001,3.75,3.75,2.94,0.5,0.5,0.5,2.88,1.37,2.25,2.75,1.125,4.125,4.0,3.865,3.765,3.1950000000000003,3.435,4.4,2.155,3.505,2.865,2.525,4.525,1.845,4.515,2.865,4.3,4.595,2.35,2.675,4.135,3.185,2.89,3.345,4.03,4.65,2.935,1.095,5.109999999999999,4.025,2.435,3.3150000000000004,4.095,2.89,1.78,1.62,2.505,4.115,1.335,1.355,3.335,3.56,3.77,4.109999999999999,119,0.370123833,Augmentable
11-9121.02,0.6200000000000001,2.0,3.38,1.565,4.0,1.875,0.5,0.5,0.5,0.5,3.31,1.625,3.375,3.375,0.5,0.5,0.5,1.94,4.0,3.875,0.6200000000000001,3.315,2.75,1.12,3.815,0.5,3.5,4.0,4.0600000000000005,3.375,3.125,0.5,3.88,0.5,0.5,0.5,3.0,0.5,0.6200000000000001,3.75,3.435,2.88,0.5,0.5,0.5,2.815,1.125,2.75,3.0,0.685,4.0600000000000005,4.0,5.205,2.23,4.115,4.615,4.59,1.73,4.275,4.635,4.07,4.23,3.525,4.455,4.05,4.525,5.09,3.885,1.725,4.5,2.93,4.41,3.545,5.135,4.25,3.115,1.785,4.525,2.635,2.18,3.41,4.845,4.25,1.695,1.52,3.615,4.455,3.09,2.775,4.48,3.705,5.0,4.515,119,0.370123833,Augmentable
11-9131.00,0.8799999999999999,2.435,3.25,1.0,3.565,1.875,0.5,0.8799999999999999,1.125,1.0,2.75,1.935,2.75,3.0,0.5,1.69,1.06,2.25,3.435,3.37,0.5,2.88,2.31,1.25,3.37,0.5,2.815,3.94,4.0,3.0,2.69,0.5,3.565,1.25,1.25,0.5,2.94,0.5,0.5,3.5,3.565,2.435,1.19,1.81,1.185,2.63,2.06,2.44,2.31,1.0,3.875,3.56,3.6,2.885,4.45,3.81,4.875,2.55,4.645,3.8,3.985,3.73,1.715,4.485,3.135,4.015,4.48,4.76,2.71,4.03,3.0650000000000004,3.575,3.73,4.51,3.9,3.655,2.185,4.550000000000001,4.375,2.62,3.625,3.92,3.845,1.595,1.62,4.9,4.375,3.295,4.11,3.62,3.655,3.785,3.975,119,0.370123833,Augmentable
11-9141.00,0.5,1.37,3.0,0.8799999999999999,3.69,1.25,0.5,0.5,0.5,0.6200000000000001,2.88,1.06,2.56,3.0,0.5,0.6200000000000001,0.5,1.31,3.56,3.12,0.5,2.94,2.12,0.8799999999999999,3.375,0.6200000000000001,3.0,4.0600000000000005,4.0600000000000005,2.815,2.06,0.5,3.56,0.5,0.5,0.5,2.875,0.5,0.75,3.56,3.56,2.12,0.5,0.5,0.5,2.5,1.37,1.75,2.5,0.94,4.0,3.875,3.675,2.625,4.015,4.3,4.625,1.3,4.625,3.71,3.875,3.2350000000000003,1.225,4.725,2.615,3.64,4.5,4.425000000000001,1.35,3.35,3.1500000000000004,3.055,3.475,4.785,3.3,4.1,1.725,4.75,3.865,1.85,3.625,3.85,3.95,1.58,1.4249999999999998,4.455,4.05,3.425,3.775,3.625,3.875,4.4,3.775,119,0.370123833,Augmentable
11-9151.00,1.625,2.06,3.19,1.625,4.0,1.5,0.5,0.75,0.5,0.8799999999999999,2.88,2.065,3.0,3.685,0.5,0.6200000000000001,0.75,2.0,3.815,3.5,1.06,3.13,2.75,1.065,3.37,0.5,3.13,4.37,4.5,3.75,2.75,0.5,4.0,0.5,0.5,0.5,2.94,0.5,0.5,4.065,3.94,2.75,0.5,0.8799999999999999,0.6200000000000001,3.0,1.315,2.25,2.56,1.06,4.0,4.0,3.5,4.355,3.64,4.385,4.925000000000001,1.19,4.16,4.01,3.9,4.085,1.04,4.8100000000000005,2.065,3.935,4.550000000000001,4.15,1.95,4.305,2.295,3.54,3.525,4.234999999999999,3.93,2.45,1.735,4.835,4.1,2.1,3.94,3.795,3.575,0.925,0.76,4.32,4.14,2.19,3.015,3.93,3.695,4.43,3.99,119,0.370123833,Augmentable
11-9161.00,1.81,2.0,3.81,1.125,4.1850000000000005,1.94,0.5,0.8799999999999999,0.75,1.185,3.0,1.25,3.06,4.065,1.375,0.75,0.75,1.69,4.125,3.94,1.44,2.94,2.88,1.565,3.62,1.435,2.88,4.37,4.3100000000000005,3.935,3.0,1.315,4.375,1.12,1.31,1.5,3.0,1.12,1.94,4.1850000000000005,4.0,3.0,0.5,1.12,1.06,3.0,1.935,1.815,3.31,1.435,4.0600000000000005,4.125,4.11,4.495,4.41,5.065,5.0,2.46,4.775,4.295,4.805,4.44,2.185,5.41,3.64,4.11,4.68,4.845,3.0700000000000003,4.365,3.475,3.975,3.975,5.0600000000000005,4.275,4.640000000000001,3.095,5.115,4.175,3.06,4.705,4.245,4.41,2.42,2.27,4.61,4.025,3.705,4.09,4.21,4.465,4.640000000000001,4.244999999999999,119,0.370123833,Augmentable
11-9171.00,2.06,2.065,3.06,2.12,3.25,2.185,0.5,1.25,0.94,1.375,2.94,2.065,2.56,3.0,1.185,1.315,1.12,2.0,3.0,3.25,2.0,2.875,2.685,2.125,3.685,1.315,2.685,4.0,3.94,2.88,2.31,1.5,3.62,0.8799999999999999,1.185,1.375,2.5,1.12,1.625,3.56,3.44,2.06,0.5,1.25,1.69,2.685,1.935,2.5,2.44,0.8799999999999999,3.94,3.75,3.155,5.125,4.21,4.82,4.734999999999999,3.3,4.94,3.7,3.675,4.24,1.525,4.98,2.62,4.359999999999999,4.395,4.6,4.75,4.365,3.26,3.975,4.065,4.865,4.245,3.585,3.605,4.869999999999999,4.6850000000000005,4.22,5.325,4.62,4.825,1.595,1.905,4.24,4.335,3.79,2.6500000000000004,4.62,4.305,4.404999999999999,4.345000000000001,119,0.370123833,Augmentable
11-9179.01,2.06,2.185,3.12,1.25,4.0,1.875,2.12,2.25,2.315,2.69,3.0,2.06,2.815,3.69,0.5,2.565,2.125,1.565,3.685,3.62,2.12,2.685,2.94,2.56,3.44,0.5,2.565,4.0,4.0,3.435,2.44,0.75,3.875,1.0,0.8799999999999999,0.8799999999999999,2.815,0.5,1.44,3.625,3.625,2.435,1.75,2.63,2.75,2.88,3.06,1.75,2.815,1.875,3.94,3.875,3.095,3.73,4.609999999999999,4.04,4.79,2.115,4.06,3.58,3.73,3.22,1.52,4.79,2.52,3.135,4.115,4.484999999999999,4.24,3.0,3.23,2.58,2.94,3.945,3.2350000000000003,3.56,1.445,4.77,3.74,4.1,3.45,2.92,4.015,1.6,1.925,3.715,4.555,3.25,4.25,4.154999999999999,4.38,4.25,3.42,119,0.370123833,Augmentable
11-9179.02,1.94,2.065,3.315,1.565,3.88,1.69,0.5,1.375,0.5,1.375,2.625,2.25,2.75,3.44,0.5,1.565,1.25,2.0,3.56,3.38,1.565,3.0,2.625,1.69,3.375,0.5,3.0,4.0,4.0,3.25,2.56,0.5,3.81,1.25,1.185,1.565,2.75,0.5,0.685,3.75,3.88,2.38,1.435,1.5,1.63,2.815,2.25,2.31,2.5,1.12,3.685,3.63,3.865,4.42,4.355,3.775,4.725,2.275,4.21,3.585,4.04,2.97,1.42,4.665,3.335,4.215,4.68,4.13,2.88,4.300000000000001,3.435,3.0,4.265000000000001,4.5,4.555,3.74,1.34,3.895,4.01,2.965,4.59,3.885,3.535,1.265,1.625,4.404999999999999,4.18,3.985,3.325,3.975,3.41,4.615,3.88,119,0.370123833,Augmentable
11-9199.01,0.5,1.69,3.0,0.5,3.94,1.0,0.5,0.75,0.5,0.5,2.75,0.94,2.94,3.37,0.5,0.5,0.5,1.56,3.94,3.685,0.5,2.44,2.435,0.5,3.815,0.5,2.5,4.12,4.12,3.06,2.62,0.5,3.875,0.5,0.5,0.5,2.815,0.5,0.5,3.75,3.815,2.62,0.5,0.5,0.5,2.5,1.5,1.81,1.94,1.0,4.1850000000000005,4.1850000000000005,4.68,2.085,4.0,5.175000000000001,5.130000000000001,0.955,3.85,4.390000000000001,3.73,4.54,1.235,4.869999999999999,3.175,5.32,5.195,4.0200000000000005,0.98,4.779999999999999,2.265,4.9350000000000005,3.5650000000000004,4.890000000000001,3.63,2.95,0.6100000000000001,4.805,3.48,1.22,1.565,4.915,4.215,0.715,0.585,4.325,3.985,3.35,3.22,4.02,3.89,5.085,3.87,119,0.370123833,Augmentable
11-9199.02,1.185,2.065,3.37,1.315,4.19,1.565,0.5,0.5,0.5,0.5,2.94,1.5,2.88,3.125,0.815,0.6200000000000001,0.5,1.81,4.0600000000000005,3.625,1.185,2.25,2.625,0.75,3.685,0.815,2.12,4.19,4.1850000000000005,2.94,2.625,0.75,4.25,0.75,0.815,0.815,3.0,0.75,0.815,3.62,3.56,2.565,1.0,0.6200000000000001,0.5,2.25,1.435,1.81,2.0,0.94,4.19,4.1850000000000005,4.470000000000001,3.46,4.065,4.355,5.16,2.06,4.005,3.98,3.67,4.63,1.425,4.815,3.22,5.119999999999999,4.72,3.61,1.935,4.515000000000001,2.72,4.19,4.365,4.785,4.13,2.1,2.165,4.83,4.21,1.825,3.48,4.635,4.2,1.17,1.305,4.38,4.23,2.705,2.29,3.985,4.220000000000001,4.82,4.29,119,0.370123833,Augmentable
11-9199.08,1.37,2.185,3.125,1.625,3.88,1.875,0.5,1.75,1.75,1.565,3.25,2.0,3.31,3.31,0.5,2.0,1.94,2.185,3.88,3.12,2.0,2.75,2.5,2.12,4.0,0.5,2.875,4.0,4.0600000000000005,3.5,2.94,0.6200000000000001,4.0600000000000005,0.5,1.625,1.81,3.435,0.5,0.685,3.815,3.815,2.94,1.69,2.0,2.0,2.62,2.185,2.5,2.75,0.94,3.94,3.94,4.18,3.48,4.315,4.225,4.955,1.565,3.795,4.075,3.86,4.22,2.185,4.9,2.555,4.215,4.675,4.16,2.18,4.52,3.295,3.27,3.875,4.845,4.005,3.64,2.07,4.705,3.16,3.02,2.93,4.115,4.07,1.955,1.635,4.52,3.75,3.89,3.315,3.835,4.325,4.09,3.91,119,0.370123833,Augmentable
11-9199.09,2.315,2.185,3.31,2.315,3.875,2.12,0.5,1.56,1.75,2.25,3.0,2.25,3.06,3.185,1.94,1.625,1.94,2.12,3.875,3.815,2.25,2.94,2.88,2.25,3.875,1.69,2.94,4.0,4.0600000000000005,3.06,3.06,1.625,4.0,1.75,2.25,1.94,3.06,1.625,1.94,4.0,3.875,2.815,0.5,1.69,1.94,2.88,2.185,2.63,3.125,2.0,4.0,4.0,4.065,3.745,4.945,3.95,4.93,4.715,4.9,3.56,4.365,3.99,4.029999999999999,4.45,3.76,4.495,4.42,4.615,4.69,4.345000000000001,4.33,3.49,4.21,4.905,4.6850000000000005,4.275,3.795,5.005000000000001,3.865,4.845,3.35,4.02,4.375,4.64,5.16,4.44,4.665,3.41,4.23,4.49,4.26,4.63,3.995,119,0.370123833,Augmentable
11-9199.10,0.94,2.19,3.25,1.125,4.19,1.81,0.5,0.75,0.685,0.815,2.94,1.25,3.06,3.25,0.5,0.685,0.75,2.0,4.0,3.44,0.94,3.31,2.62,0.94,3.875,0.5,3.06,4.125,4.065,3.065,2.5,0.685,3.94,0.685,0.75,0.815,2.81,0.685,0.875,3.75,3.815,2.62,0.5,0.685,0.815,2.56,1.875,2.185,3.0,1.94,4.125,3.815,4.3,2.1,2.935,5.16,4.77,1.47,4.765000000000001,3.67,4.255,3.595,1.97,4.705,4.02,4.445,4.595,3.415,2.35,4.335,3.435,3.56,4.325,4.93,4.075,4.055,1.975,5.03,2.96,2.595,4.125,4.07,3.83,0.965,1.64,4.32,4.325,3.77,2.41,3.915,2.91,4.495,3.47,119,0.370123833,Augmentable
11-9199.11,0.5,1.815,3.81,1.0,4.3100000000000005,2.0,0.5,0.5,0.5,0.5,3.25,1.815,3.125,3.69,0.5,0.5,0.5,1.815,4.0600000000000005,3.94,0.6200000000000001,3.815,2.44,0.8799999999999999,3.625,0.5,3.37,4.19,4.19,3.37,2.875,0.6200000000000001,4.5,0.5,0.5,0.6200000000000001,2.685,0.5,1.185,3.75,3.625,2.5,0.5,0.5,0.5,2.185,1.31,2.38,3.25,1.125,4.375,4.125,4.59,2.07,3.22,5.02,4.705,1.59,4.43,4.045,3.93,4.0,2.095,4.915,3.635,4.59,4.89,3.415,2.205,4.135,2.5700000000000003,4.09,3.365,4.925,3.865,4.0,2.0,4.865,3.14,2.315,4.015000000000001,4.43,3.93,1.23,1.1800000000000002,4.33,4.359999999999999,3.25,2.385,3.945,2.915,4.385,3.62,119,0.370123833,Augmentable
21-1011.00,1.31,2.0,3.25,1.25,4.0,1.565,0.5,1.125,1.875,1.19,3.0,1.185,3.0,3.38,1.125,1.625,1.625,2.0,4.0,3.62,0.75,2.06,2.685,1.31,3.12,1.185,2.0,4.3100000000000005,4.4350000000000005,3.12,2.5,1.185,4.1850000000000005,1.31,1.875,1.875,3.06,1.0,1.06,4.0600000000000005,3.94,2.565,0.8799999999999999,1.5,1.875,3.0,1.875,1.94,2.56,0.875,4.125,4.0,4.32,4.715,3.815,4.24,3.86,2.5650000000000004,3.885,4.35,3.895000000000001,4.86,1.645,4.51,2.565,4.535,4.890000000000001,2.835,2.315,4.625,2.965,3.22,4.635,4.725,4.98,2.28,2.44,4.89,3.495,2.805,4.13,5.07,4.08,1.735,1.62,4.525,4.455,3.41,2.37,4.28,3.56,4.215,4.195,211,0.2327666938,Resilient
21-1012.00,0.5,1.94,3.185,0.5,4.0,0.8799999999999999,0.5,0.5,0.5,0.5,2.56,0.5,2.685,3.75,0.5,0.5,0.5,1.565,3.935,3.25,0.75,2.56,2.685,0.5,3.38,0.5,2.12,4.375,4.315,3.31,2.37,0.5,4.0,0.5,0.75,0.6200000000000001,3.0,0.5,0.5,3.875,3.56,2.44,0.5,0.6200000000000001,0.5,2.56,1.435,1.75,2.315,1.0,4.19,4.125,4.455,3.985,3.93,4.425000000000001,4.965,1.205,3.29,3.835,3.255,4.41,0.6799999999999999,5.165,2.805,4.63,5.21,2.85,1.195,4.41,2.46,3.915,3.29,5.08,4.03,2.125,0.945,4.62,3.455,1.26,4.17,4.565,4.695,0.515,0.5,3.97,3.78,2.47,1.79,4.005,3.605,4.859999999999999,4.295,211,0.2327666938,Resilient
21-1013.00,0.5,2.065,3.625,0.5,4.0600000000000005,0.5,0.5,0.5,0.8799999999999999,0.6200000000000001,2.75,1.31,3.06,3.87,0.5,0.8799999999999999,0.8799999999999999,1.625,4.19,3.685,0.6200000000000001,1.94,2.88,0.6200000000000001,3.435,0.5,1.94,4.375,4.565,3.56,2.625,0.5,4.25,0.5,0.8799999999999999,0.6200000000000001,3.12,0.5,0.5,4.0600000000000005,4.0,3.25,0.6200000000000001,0.6200000000000001,0.8799999999999999,2.815,1.25,1.625,2.06,1.0,4.19,4.0600000000000005,3.015,5.135,4.06,4.029999999999999,4.525,0.855,2.845,3.52,2.595,4.585,0.6200000000000001,4.695,1.6800000000000002,4.095,4.805,2.03,1.09,4.470000000000001,0.775,3.475,3.705,4.76,3.3,0.79,0.845,4.44,2.87,0.865,3.715,2.98,3.5,0.8049999999999999,0.615,4.495,3.145,2.185,1.61,3.895,2.98,4.43,3.465,211,0.2327666938,Resilient
21-1014.00,0.5,2.06,3.81,0.5,4.5,0.5,0.5,0.75,1.12,0.75,2.685,1.25,3.06,3.81,0.5,1.12,1.12,1.315,4.5600000000000005,3.81,1.0,2.12,2.88,0.75,3.37,0.5,2.0,4.94,4.8100000000000005,3.69,2.375,0.5,4.625,0.6200000000000001,1.12,1.12,3.375,0.5,0.6200000000000001,4.37,4.3100000000000005,2.88,0.75,1.0,1.12,2.25,1.25,1.375,2.0,0.94,4.25,4.1850000000000005,3.785,5.395,4.535,4.355,4.5,1.015,2.665,4.315,2.43,4.645,0.5900000000000001,5.23,2.02,4.5600000000000005,4.73,2.66,1.015,4.09,1.2,4.2,4.035,4.875,3.61,2.5,0.7849999999999999,4.37,3.98,1.27,4.66,4.25,4.485,1.16,0.5900000000000001,4.5,3.745,1.94,1.895,4.7,3.74,4.895,3.535,211,0.2327666938,Resilient
21-1015.00,0.8799999999999999,1.875,3.12,0.5,3.94,0.5,0.5,0.75,1.0,1.125,2.88,1.565,2.75,3.25,0.5,1.0,1.065,1.565,3.815,3.12,0.6200000000000001,2.12,2.31,0.6200000000000001,3.375,0.5,2.06,4.0600000000000005,4.0600000000000005,3.25,2.25,0.5,4.0,0.5,0.94,1.25,2.5,0.5,0.5,3.94,3.815,2.5,0.75,1.065,1.065,2.62,1.565,1.625,1.94,0.6200000000000001,3.94,3.94,3.435,3.73,3.83,4.365,4.715,1.375,3.5,3.53,3.39,4.135,1.335,4.69,2.155,3.905,3.945,3.4400000000000004,2.17,3.2750000000000004,2.095,3.28,4.035,4.48,3.915,2.7,2.04,4.605,3.345,2.03,3.58,3.89,3.575,0.9,1.085,3.91,4.14,2.755,2.595,4.029999999999999,3.585,4.05,3.755,211,0.2327666938,Resilient
21-1021.00,1.56,2.25,3.185,1.44,3.88,1.5,0.5,1.5,1.315,1.12,2.815,1.565,2.88,3.25,1.06,1.435,1.25,2.0,3.88,3.44,0.6200000000000001,2.25,2.62,1.875,3.56,1.06,2.0,4.25,4.37,3.25,2.62,1.06,4.315,1.06,1.625,1.5,3.0,1.0,1.125,3.94,3.94,2.685,0.6200000000000001,1.5,1.69,2.815,2.0,2.06,2.125,1.0,4.12,4.0600000000000005,2.89,4.88,3.88,4.52,4.8100000000000005,0.87,3.93,3.86,3.88,4.425,0.625,5.135,1.785,4.165,4.825,2.3,1.63,4.6850000000000005,2.185,3.54,3.31,4.42,4.405,2.28,2.045,4.51,3.45,1.765,4.775,3.855,3.06,0.855,0.5,4.5600000000000005,3.68,3.855,1.535,4.26,3.72,4.105,4.155,211,0.2327666938,Resilient
21-1022.00,0.5,2.0,3.25,0.75,4.0600000000000005,0.815,0.5,0.75,1.375,0.8799999999999999,2.94,1.75,2.88,3.935,0.5,1.315,1.315,1.435,3.94,3.5,1.0,2.0,2.815,1.12,3.25,0.5,2.0,4.44,4.37,3.31,2.69,0.5,4.19,0.5,1.75,1.63,3.0,0.5,0.5,4.0,4.0,2.815,0.75,1.44,1.25,2.815,2.06,1.37,1.875,1.125,4.125,4.0,3.08,5.46,3.98,4.52,4.665,1.095,3.76,3.465,3.555,4.59,0.905,5.164999999999999,2.075,3.4450000000000003,4.390000000000001,3.2,1.645,3.685,1.595,3.775,3.2750000000000004,4.445,3.905,2.875,1.685,4.61,3.275,1.87,4.335,3.15,3.945,0.925,0.85,4.6850000000000005,3.61,2.46,2.8,3.835,3.945,4.1450000000000005,3.5,211,0.2327666938,Resilient
21-1023.00,0.5,2.56,3.685,0.5,4.19,0.6200000000000001,0.5,0.6200000000000001,1.44,0.6200000000000001,2.685,1.37,3.125,3.88,0.5,1.38,1.38,2.125,4.125,3.875,0.6200000000000001,2.5,2.875,0.6200000000000001,3.435,0.5,2.31,4.69,4.5,3.815,2.875,0.5,4.5,0.5,1.44,1.63,3.06,0.5,0.5,4.0,3.94,2.935,0.6200000000000001,1.12,1.565,2.685,1.94,2.0,2.06,0.815,4.1850000000000005,4.1850000000000005,3.895,5.03,4.08,4.375,4.695,1.305,2.755,4.345,3.205,4.705,1.04,4.98,2.715,4.225,4.76,3.5,1.54,4.859999999999999,1.155,3.88,4.14,4.915,3.875,2.27,1.535,4.605,3.025,1.76,3.11,4.359999999999999,4.3100000000000005,1.0,0.975,4.245,4.175,2.765,1.64,4.44,4.025,4.375,3.515,211,0.2327666938,Resilient
21-1091.00,2.0,1.875,3.0,1.81,3.75,1.315,0.5,0.94,0.815,1.06,2.88,2.065,2.375,3.565,0.5,0.75,0.75,1.75,3.815,3.06,1.875,2.25,2.25,1.94,3.75,0.5,2.185,4.0600000000000005,4.315,3.315,2.06,0.5,3.565,0.75,0.75,0.6200000000000001,2.94,0.5,0.6200000000000001,3.94,3.565,2.12,0.5,1.12,1.69,2.62,1.5,2.12,2.12,0.94,4.125,4.125,4.8,4.33,3.54,5.075,5.115,2.3,3.72,4.545,4.575,4.215,1.545,5.46,3.175,4.07,4.630000000000001,3.1900000000000004,2.895,4.415,2.48,5.005,4.505000000000001,4.79,4.109999999999999,3.875,1.95,5.155,3.33,2.59,4.965,4.73,4.09,1.855,1.6150000000000002,4.215,4.99,3.84,2.0700000000000003,4.5,4.960000000000001,5.195,4.025,211,0.2327666938,Resilient
21-1092.00,1.81,2.185,3.0,1.81,4.0,1.87,0.5,1.0,1.935,1.06,2.44,1.81,2.565,3.0,1.185,2.12,1.69,1.75,3.88,3.0,1.69,1.75,2.06,2.0,3.435,1.06,1.69,3.94,4.12,2.935,2.06,1.06,4.0,1.12,2.12,2.12,2.94,1.0,1.06,3.625,3.75,2.185,1.69,1.94,2.12,2.435,2.185,1.25,2.0,0.94,4.0,3.875,3.55,3.985,3.635,4.205,4.915,1.68,3.45,3.8,3.37,4.775,1.415,4.665,2.67,4.73,4.76,3.035,1.93,4.555,3.005,3.715,4.245,4.71,4.23,2.6950000000000003,2.805,4.92,3.575,2.875,3.98,4.125,3.685,1.58,1.29,4.395,4.345000000000001,2.95,2.55,3.495,3.51,4.46,4.175000000000001,211,0.2327666938,Resilient
21-1093.00,1.19,2.065,3.06,1.435,3.94,1.875,0.5,1.5,1.25,1.38,2.75,1.5,3.06,3.375,0.94,1.315,1.25,2.0,3.315,3.0,1.0,2.0,2.815,1.875,3.565,0.815,2.125,3.94,4.0,3.125,2.685,0.94,3.88,0.75,1.25,1.25,3.06,0.5,1.185,3.815,3.62,2.815,0.5,1.38,1.565,2.875,1.94,1.875,2.12,0.875,3.88,3.88,2.7,4.225,3.805,3.9,4.59,1.275,3.435,3.635,3.155,4.324999999999999,0.875,4.66,2.75,3.33,3.915,2.28,2.22,3.625,2.2750000000000004,3.01,3.515,3.65,3.82,2.385,1.6749999999999998,3.875,3.535,2.24,4.285,3.18,3.615,1.035,0.8200000000000001,3.88,3.42,2.015,2.3200000000000003,3.75,3.67,3.98,3.35,211,0.2327666938,Resilient
21-1094.00,2.685,2.0,3.185,2.44,3.685,2.315,0.5,1.63,0.5,1.63,2.685,3.0,2.75,3.19,1.31,1.75,1.31,2.13,3.625,3.185,2.565,2.5,2.44,2.315,3.5,1.435,2.31,4.065,4.0,3.0,2.5,1.435,3.75,2.0,1.935,2.06,2.88,1.31,1.435,3.815,3.625,2.37,1.75,2.0,1.935,2.875,2.12,2.44,2.5,1.63,3.815,3.685,3.95,4.385,3.925,5.375,4.915,2.205,4.025,4.57,3.835,4.22,1.55,5.42,3.185,3.945,4.395,3.255,3.985,4.29,3.345,4.145,3.88,3.635,4.275,3.675,2.025,5.21,3.73,2.915,4.720000000000001,4.245,3.225,1.69,1.615,3.785,4.525,3.9,2.28,4.305,4.215,5.08,4.065,211,0.2327666938,Resilient
21-2011.00,0.5,2.0,3.435,0.5,4.0,0.5,0.5,0.5,0.5,0.5,3.0,0.8799999999999999,3.0,3.88,0.5,0.5,0.5,1.75,3.94,3.685,0.75,1.685,3.25,0.75,3.63,0.5,2.44,4.0600000000000005,4.625,3.88,2.44,0.5,4.19,0.5,0.5,0.5,3.25,0.5,0.6200000000000001,5.19,4.25,2.815,0.5,0.5,0.5,2.88,1.815,1.75,2.0,1.25,4.0,4.0,2.725,4.77,3.815,3.27,4.405,1.53,3.965,3.805,4.345,2.82,0.915,4.890000000000001,2.3150000000000004,3.105,4.295,3.905,1.6549999999999998,3.675,2.215,3.27,3.595,4.135,3.05,2.985,1.685,3.96,2.96,1.555,4.02,2.665,3.485,1.165,1.155,4.2700000000000005,3.615,3.31,2.76,4.13,3.855,3.585,3.24,212,0.28595786442857146,Resilient
21-2021.00,0.5,1.94,3.06,0.5,3.75,1.56,0.6200000000000001,0.75,0.75,0.6200000000000001,2.94,0.94,2.815,3.5,0.5,0.75,0.6200000000000001,1.875,3.5,3.185,0.5,2.435,2.88,0.8799999999999999,3.37,0.5,2.685,3.94,4.0600000000000005,3.315,2.185,0.5,3.75,0.5,0.5,0.5,2.94,0.5,0.6200000000000001,3.94,3.815,2.685,0.5,0.75,0.75,2.375,2.0,1.69,2.56,1.06,4.0,4.0,3.0,4.970000000000001,3.895000000000001,4.275,4.82,2.01,3.915,4.4,4.285,3.25,1.4300000000000002,4.98,3.595,3.57,4.279999999999999,3.545,2.04,4.33,3.02,3.4850000000000003,3.78,4.51,3.58,3.865,1.99,5.045,3.545,3.0250000000000004,4.285,3.075,3.52,1.135,1.26,4.235,4.14,3.085,2.96,4.484999999999999,4.07,4.305,3.51,212,0.28595786442857146,Resilient
23-1011.00,0.6200000000000001,2.06,3.875,0.6200000000000001,4.3100000000000005,1.06,0.5,0.5,0.5,0.5,2.875,1.435,3.0,4.0,0.5,0.5,0.5,1.375,4.125,4.0,0.6200000000000001,2.56,3.0,0.5,4.1850000000000005,0.5,2.38,4.8100000000000005,4.94,3.875,2.62,0.5,4.0,0.5,0.5,0.5,3.185,0.5,0.6200000000000001,4.565,3.685,2.88,0.5,0.5,0.5,2.75,1.435,1.625,2.5,1.12,4.8100000000000005,4.75,4.2250000000000005,3.355,3.465,4.79,4.76,1.275,4.13,4.355,3.405,4.11,0.895,5.065,2.8150000000000004,5.115,5.195,3.4850000000000003,1.6749999999999998,4.265000000000001,1.22,4.675,3.71,5.33,2.915,3.2,1.38,4.745,3.515,1.275,3.4000000000000004,4.720000000000001,4.82,1.15,0.64,5.29,3.555,3.875,3.335,4.345000000000001,3.22,4.795,3.725,231,0.225186931125,Resilient
23-1012.00,0.75,1.81,3.5,0.815,3.875,0.5,0.5,0.75,0.5,0.5,2.88,1.69,2.875,3.0,0.5,0.5,0.5,1.565,3.94,3.685,0.8799999999999999,2.69,2.75,0.5,4.065,0.5,2.5,4.5,4.25,2.815,2.44,0.5,3.75,0.5,0.5,0.5,2.94,0.5,0.5,3.88,3.88,2.375,0.5,0.5,0.5,2.19,1.25,2.375,1.88,1.185,4.69,4.375,4.85,2.31,1.05,1.7799999999999998,4.54,1.185,1.095,1.96,1.01,2.615,0.545,3.81,1.085,4.135,5.27,0.635,0.985,4.43,0.7799999999999999,4.005,2.38,4.095000000000001,2.2350000000000003,0.66,0.5900000000000001,3.88,1.98,0.52,2.02,4.609999999999999,2.39,0.72,0.56,2.045,1.305,1.5,0.91,3.415,1.1,3.91,3.105,231,0.225186931125,Resilient
23-1021.00,1.25,2.0,3.185,1.12,4.4350000000000005,0.5,0.5,0.685,0.5,0.5,2.875,1.69,2.88,3.0,0.5,0.5,0.5,1.69,4.565,3.75,1.25,2.315,2.685,0.5,4.0,0.5,2.37,4.625,4.5,2.94,2.56,0.5,4.0,0.5,0.5,0.5,3.06,0.5,0.5,4.13,3.875,2.565,0.5,0.5,0.5,2.685,1.0,1.44,1.5,0.815,4.625,4.5600000000000005,4.125,2.225,2.1100000000000003,4.24,4.015000000000001,1.26,2.04,1.89,1.44,3.755,0.865,3.78,2.02,4.835,4.885,1.86,1.115,4.505000000000001,0.955,3.985,4.0600000000000005,5.074999999999999,1.98,1.49,1.2999999999999998,4.38,3.86,1.01,4.0,4.5,2.385,0.985,0.8400000000000001,4.585,3.21,2.365,1.035,3.2750000000000004,2.045,4.78,3.115,231,0.225186931125,Resilient
23-1022.00,0.5,1.565,3.0,0.5,4.0600000000000005,0.685,0.5,0.5,0.5,0.5,2.815,0.75,2.94,3.31,0.5,0.5,0.5,1.56,4.0,3.185,0.5,2.06,2.0,0.5,3.69,0.5,2.0,4.5600000000000005,4.5600000000000005,3.06,1.94,0.5,3.815,0.5,0.5,0.5,3.065,0.5,0.5,4.0,3.875,2.815,0.5,0.5,0.5,2.25,1.5,1.56,2.0,1.0,4.565,4.5,4.96,1.7599999999999998,2.66,3.0,2.725,1.0499999999999998,1.775,2.6950000000000003,1.975,3.5,1.025,4.25,2.525,4.9,5.02,1.325,1.2,4.3,1.975,4.275,4.775,5.220000000000001,2.9,1.685,1.025,3.785,3.02,1.19,2.315,4.449999999999999,2.575,0.975,1.05,5.525,3.5,2.75,1.1,4.13,2.875,4.795,3.3,231,0.225186931125,Resilient
23-1023.00,0.5,1.565,3.185,0.5,4.8100000000000005,0.5,0.5,0.6200000000000001,0.5,0.5,2.63,1.06,3.0,3.375,0.5,0.94,0.5,1.44,4.625,3.94,0.5,2.37,2.815,0.5,4.25,0.5,2.125,4.8100000000000005,4.625,3.06,2.685,0.5,4.0,0.5,0.6200000000000001,0.6200000000000001,3.0,0.5,0.5,4.25,4.0,2.94,0.5,0.5,0.6200000000000001,2.685,0.685,1.56,1.94,0.5,4.69,4.5600000000000005,3.935,2.235,2.345,3.885,4.265,1.755,3.365,2.9450000000000003,2.8,4.115,0.86,4.02,2.64,5.34,5.42,3.06,1.205,4.685,1.465,4.015000000000001,4.83,5.795,2.865,1.4300000000000002,0.755,4.42,3.88,0.93,5.19,4.84,2.485,0.97,0.62,4.155,4.1850000000000005,1.79,1.74,3.31,2.48,4.835000000000001,3.61,231,0.225186931125,Resilient
31-1121.00,3.0,2.19,2.94,2.0,3.185,2.06,0.5,2.12,1.815,2.815,2.94,2.94,2.88,2.94,0.75,2.5,2.25,2.25,3.25,3.125,2.63,2.06,2.0,2.12,3.5,0.75,2.06,3.75,3.88,2.815,2.435,0.75,3.625,0.75,1.94,2.0,3.0,0.8799999999999999,1.315,3.185,3.185,2.435,1.81,2.56,2.88,2.94,2.88,2.25,2.815,0.5,3.0,3.06,2.925,5.035,3.1500000000000004,2.28,4.44,2.24,3.0,2.515,2.66,4.385,1.41,4.135,2.935,3.465,3.84,1.915,4.26,4.32,3.305,2.89,3.225,3.63,4.395,2.755,2.325,3.8,2.025,3.3600000000000003,3.305,3.68,2.555,1.115,1.28,3.2750000000000004,3.28,1.64,1.73,3.39,2.765,3.91,1.525,311,0.3976232877142857,Augmentable
31-1122.00,2.62,2.375,2.815,1.75,3.125,2.12,0.5,2.06,1.69,2.5,2.88,2.19,2.25,2.25,1.06,2.185,1.935,2.25,2.94,3.0,2.0,1.875,2.185,2.31,3.06,1.06,2.0,3.75,3.565,2.19,2.25,1.06,3.375,1.19,1.69,1.56,2.75,1.125,1.19,3.12,3.12,2.06,1.19,2.5,2.69,2.63,3.0,2.06,2.25,1.06,3.125,2.94,3.505,5.505,3.815,4.035,4.24,2.885,4.050000000000001,3.86,4.08,4.324999999999999,2.51,4.815,3.595,4.33,4.58,3.1950000000000003,4.305,4.41,3.94,3.61,3.91,4.245,4.385,2.915,3.13,4.58,3.01,4.455,4.31,3.875,2.8200000000000003,2.325,2.6500000000000004,3.56,3.53,3.4450000000000003,2.535,3.965,4.315,4.109999999999999,3.655,311,0.3976232877142857,Augmentable
31-1131.00,3.0,2.12,3.0,2.185,3.06,1.875,1.185,2.185,1.75,3.12,2.815,2.75,2.25,2.12,0.5,2.185,2.0,2.125,3.0,3.06,2.75,2.06,2.185,2.5,3.435,0.5,2.06,3.88,3.75,2.06,2.25,0.5,3.44,0.6200000000000001,2.06,2.12,2.815,0.6200000000000001,0.75,2.94,3.25,2.06,1.94,2.815,3.25,2.25,3.12,2.19,2.0,1.25,3.06,3.0,3.0,4.56,2.74,1.87,3.85,2.395,3.0700000000000003,2.61,3.135,3.76,1.805,4.04,2.835,3.43,3.76,2.105,3.35,4.08,3.27,2.765,3.14,3.685,4.46,2.035,1.945,3.56,2.0250000000000004,3.6,2.575,3.51,2.31,1.7,1.76,3.205,2.795,1.785,1.97,3.51,3.28,3.91,2.955,311,0.3976232877142857,Augmentable
31-1132.00,2.435,2.185,2.75,2.5,2.815,1.935,1.125,2.94,2.81,3.12,2.685,2.63,2.06,2.0,0.5,2.75,2.625,2.25,2.69,2.565,2.75,1.5,2.0,2.435,3.125,0.5,1.625,3.37,3.25,2.0,2.125,0.815,3.065,1.315,2.25,1.935,2.25,0.815,1.25,2.81,3.13,2.0,1.81,2.875,3.63,2.12,3.44,1.81,2.0,1.565,2.75,2.435,2.275,4.71,2.79,1.98,3.42,2.8,2.3,1.85,2.295,2.3200000000000003,0.96,3.92,2.035,3.49,3.53,1.39,5.015000000000001,3.755,3.8,2.3200000000000003,2.98,2.96,3.5,2.155,1.44,3.53,1.575,4.0,3.05,3.035,2.47,1.265,1.5,2.895,1.845,1.445,1.285,2.035,2.615,3.13,2.135,311,0.3976232877142857,Augmentable
31-1133.00,2.685,3.0,3.0,2.0,3.435,2.06,0.5,2.185,2.315,2.44,3.06,2.625,3.0,2.88,1.0,2.435,2.25,2.435,3.31,3.185,2.435,2.0,2.06,2.44,3.185,1.12,2.0,3.88,3.875,2.75,3.0,1.12,3.88,1.5,2.625,2.685,3.12,1.0,1.5,3.25,3.19,2.625,2.06,2.5,3.0,2.88,2.94,2.685,2.25,1.5,3.375,3.12,2.83,5.275,3.525,2.205,4.7,1.84,3.0250000000000004,3.245,3.43,4.74,0.945,4.16,2.295,3.715,4.705,2.835,3.025,4.52,2.755,3.605,3.025,4.19,4.625,2.1100000000000003,2.5,4.105,2.88,3.5,2.96,3.015,2.91,1.465,1.465,4.47,3.28,1.735,2.045,4.04,4.63,4.335,2.9450000000000003,311,0.3976232877142857,Augmentable
31-2011.00,2.94,2.185,3.06,2.375,3.5,1.875,0.5,2.185,1.125,2.685,2.815,3.0,2.56,3.12,0.5,2.19,2.0,1.815,3.185,3.315,2.875,2.0,2.44,2.685,3.375,0.5,2.06,4.0600000000000005,4.0600000000000005,3.0,2.815,0.5,3.875,1.38,1.75,1.81,3.0,0.6200000000000001,1.06,3.19,3.185,2.185,1.56,2.25,3.06,2.815,2.81,1.875,2.62,1.75,3.75,3.75,2.78,5.055,3.37,3.44,4.720000000000001,2.335,3.34,3.63,3.25,4.475,1.39,4.8,2.46,3.675,4.07,2.84,4.415,3.99,2.99,3.8,2.955,4.02,4.665,2.295,1.03,4.415,2.135,4.13,3.865,3.4450000000000003,3.2750000000000004,1.4249999999999998,1.71,3.53,3.55,1.93,1.275,4.505,3.7,4.734999999999999,3.76,312,0.366392836,Augmentable
31-2012.00,2.815,2.0,3.0,2.12,3.185,1.75,0.6200000000000001,2.12,1.75,2.75,2.5,3.0,2.37,2.75,0.94,2.5,2.5,1.815,3.0,3.06,2.815,1.81,2.06,2.815,2.94,0.815,1.94,3.815,3.625,2.62,2.25,1.06,3.625,1.06,1.375,1.69,2.62,0.815,0.94,3.185,3.125,2.06,1.06,2.37,2.94,2.685,2.94,1.815,2.25,0.94,3.12,3.12,3.11,4.91,3.785,3.395,4.175000000000001,3.21,3.76,3.145,3.47,3.615,2.14,4.359999999999999,2.9850000000000003,3.54,4.15,3.27,3.955,4.279999999999999,3.48,3.435,3.28,3.85,4.404999999999999,2.955,2.415,4.16,3.585,4.275,4.46,3.42,2.95,2.45,2.6,4.109999999999999,3.76,2.235,2.465,3.775,3.58,4.065,3.665,312,0.366392836,Augmentable
31-2021.00,3.06,2.25,3.0,2.315,3.435,2.0,0.5,2.185,1.25,2.88,3.0,2.94,2.815,3.06,0.5,2.38,2.06,2.12,3.25,3.12,2.94,2.06,2.185,2.94,3.815,0.5,2.06,4.0,4.12,2.815,3.0,0.5,3.815,1.5,1.5,1.315,3.125,0.5,0.5,3.69,3.815,2.56,1.565,2.56,3.06,2.815,3.0,2.12,3.0,1.685,3.815,3.25,3.185,5.275,3.355,3.33,4.78,2.7,3.175,3.38,3.11,4.92,2.0250000000000004,4.705,2.685,4.08,4.25,2.545,4.465,4.925000000000001,3.62,3.325,3.62,4.279999999999999,4.23,1.925,2.17,3.695,2.19,4.755,4.765000000000001,3.52,2.915,2.455,2.005,2.89,3.115,1.96,1.255,4.015,3.38,4.73,4.025,312,0.366392836,Augmentable
31-2022.00,2.75,2.12,2.88,2.0,2.88,1.875,0.8799999999999999,2.185,1.0,2.75,2.685,2.69,2.435,2.12,0.5,2.435,2.125,2.06,3.0,3.0,2.62,1.875,2.185,2.75,3.12,0.5,2.0,3.565,3.12,2.185,2.565,0.5,3.125,1.0,1.19,1.435,2.94,0.5,0.5,3.06,3.25,2.06,1.435,2.435,2.88,2.315,3.0,2.0,2.435,1.75,3.0,2.94,2.975,5.105,2.83,3.48,4.315,2.27,3.4850000000000003,2.965,3.265,4.035,1.4249999999999998,4.37,2.665,3.46,3.87,2.715,4.78,3.885,3.28,3.295,4.02,4.015000000000001,4.475,2.505,1.67,3.7,2.255,3.51,4.495,3.625,2.77,1.285,1.6749999999999998,2.7350000000000003,3.175,2.135,1.05,3.84,3.225,4.455,3.505,312,0.366392836,Augmentable
33-1011.00,2.44,3.06,3.0,2.12,4.0,2.19,0.94,2.31,3.06,2.185,3.315,2.19,3.185,3.0,1.69,2.815,3.0,2.06,3.815,3.25,2.315,2.06,2.5,2.5,3.375,1.375,2.315,4.0,4.0,2.75,3.12,2.12,4.0,1.38,3.12,2.94,3.37,1.75,2.06,3.685,3.375,2.75,1.94,3.0,3.5,3.0,3.12,2.065,2.375,1.185,3.88,3.875,3.74,4.57,4.79,3.64,4.995,2.68,4.505,3.435,4.09,4.925000000000001,2.56,4.66,3.4850000000000003,4.78,4.455,4.94,3.12,4.5600000000000005,4.14,3.895,4.1850000000000005,4.725,4.63,3.115,3.025,4.515,4.05,3.835,3.705,4.37,3.99,2.25,2.225,5.12,4.220000000000001,3.14,3.835,3.45,4.655,4.01,4.05,331,0.3578201235,Augmentable
33-1012.00,3.0,2.88,3.435,2.88,4.0,2.44,0.5,2.12,2.44,2.0,3.25,2.75,3.37,3.25,1.88,2.12,2.0,2.56,3.94,3.815,3.0,2.62,3.0,2.88,3.625,1.88,2.625,4.0,4.0,3.06,3.0,2.185,4.0600000000000005,2.38,3.0,2.88,3.375,1.88,2.25,3.62,3.62,3.0,1.94,2.12,2.815,3.0,2.685,2.625,2.815,1.69,4.0,3.94,4.07,4.895,4.315,4.635,4.895,3.09,4.505,3.985,4.21,4.8100000000000005,2.765,5.1,3.36,4.23,4.484999999999999,4.84,4.005,4.335,3.17,3.815,3.885,4.925,3.895,3.785,3.985,4.455,4.54,4.01,4.845000000000001,4.265000000000001,4.37,2.55,2.625,4.8100000000000005,3.96,3.685,4.095,3.835,4.375,4.75,3.87,331,0.3578201235,Augmentable
33-1021.00,3.06,2.94,3.38,3.0,3.75,2.38,1.375,2.685,2.87,3.0,3.25,2.94,3.31,3.5,2.44,2.625,2.875,2.685,3.685,3.685,3.315,2.5,3.065,2.94,3.875,2.06,2.56,4.0600000000000005,4.125,3.25,3.315,2.185,3.87,2.44,2.88,2.62,3.375,2.0,2.31,3.56,3.685,3.125,1.87,2.88,3.12,3.06,3.315,3.0,3.185,2.185,3.75,3.685,3.86,5.29,4.675000000000001,4.654999999999999,4.8100000000000005,4.315,4.75,4.545,4.66,4.595000000000001,3.09,4.574999999999999,4.105,4.12,4.585,5.005000000000001,5.02,4.890000000000001,4.82,3.665,4.545,5.3100000000000005,5.17,4.285,4.78,4.905,4.275,5.140000000000001,5.21,4.279999999999999,4.18,2.49,4.04,4.73,4.635,3.04,4.045,4.13,4.85,5.01,3.36,331,0.3578201235,Augmentable
33-1091.00,2.38,2.625,3.0,2.56,3.69,2.315,0.6200000000000001,1.875,1.875,2.0,4.0,2.185,3.56,2.935,1.75,1.94,1.565,2.565,3.94,3.31,2.125,2.06,2.685,2.44,3.815,2.435,2.185,3.81,3.94,2.685,3.065,2.25,3.94,1.87,2.185,2.565,3.625,2.06,2.19,3.5,3.88,3.375,0.6200000000000001,2.065,2.0,2.685,2.625,2.815,2.56,2.125,3.565,3.62,3.15,3.435,4.234999999999999,3.72,4.82,2.135,4.415,3.105,4.245,3.56,1.51,3.835,2.96,3.885,4.07,4.6,1.995,5.345,3.44,2.77,3.37,5.055,4.574999999999999,2.25,3.105,4.24,2.57,3.43,3.63,3.77,2.975,2.46,1.905,4.285,3.395,2.51,3.095,3.44,3.335,3.705,4.03,331,0.3578201235,Augmentable
35-1011.00,3.06,2.5,3.25,2.62,4.0,2.0,1.185,2.315,1.315,3.0,2.81,3.06,2.88,3.5,1.38,1.94,1.75,2.0,3.565,3.875,3.12,3.0,3.0,2.5,3.625,1.06,3.06,4.0,4.0600000000000005,3.63,3.125,1.315,4.12,1.81,2.25,2.0,3.315,1.25,1.25,3.75,3.565,2.25,1.875,2.25,2.12,3.25,3.06,3.06,3.185,2.5,3.375,3.25,3.145,3.065,4.52,3.395,4.0600000000000005,3.125,4.3100000000000005,3.06,4.0,2.94,2.27,4.23,2.895,3.315,3.975,4.46,4.3,4.02,3.17,2.44,3.21,3.835,3.41,4.16,2.25,4.52,3.18,4.025,3.645,3.19,3.69,1.81,2.73,4.125,3.975,2.5,3.775,3.795,4.215,3.415,3.23,351,0.3078159093333333,Augmentable
35-1012.00,2.815,2.88,3.0,2.0,3.375,2.0,0.6200000000000001,1.94,0.8799999999999999,2.12,3.0,2.685,2.685,3.0,0.5,2.0,1.44,1.69,3.0,3.0,2.56,2.815,2.815,2.31,3.0,0.685,2.94,4.0,4.0,2.815,2.88,0.6200000000000001,3.5,1.12,1.56,1.0,3.0,0.6200000000000001,1.315,3.31,3.25,2.06,1.31,2.31,2.06,3.0,2.625,2.685,3.0,2.0,3.435,3.0,3.425,3.34,4.220000000000001,3.51,3.95,2.94,4.08,3.205,3.86,3.22,2.22,4.545,3.175,3.84,4.4350000000000005,4.205,3.9,4.21,3.75,3.29,3.64,3.94,3.765,3.61,2.31,4.03,3.915,3.74,4.145,2.875,3.315,3.08,3.045,3.97,3.895,2.97,3.92,3.22,3.94,3.675,3.74,351,0.3078159093333333,Augmentable
35-2011.00,2.56,1.625,2.185,1.5,2.815,0.75,0.5,2.0,1.69,2.06,2.0,2.06,1.69,2.0,0.5,1.81,1.625,1.315,2.315,3.0,2.69,1.56,2.0,2.06,3.06,0.5,1.81,3.31,2.815,2.0,2.0,0.5,2.75,1.0,1.37,1.185,2.75,0.5,0.5,2.75,2.94,1.935,1.37,2.19,2.25,2.56,2.75,2.06,1.75,1.565,2.815,2.13,1.855,1.93,2.665,2.3200000000000003,2.9850000000000003,2.565,2.565,2.065,2.535,1.955,1.225,2.54,1.525,1.705,2.76,2.29,3.38,2.805,1.83,2.07,2.155,2.585,2.365,2.175,1.3199999999999998,2.87,1.28,2.975,2.58,2.52,2.42,1.35,1.945,2.655,2.075,2.255,1.4249999999999998,2.475,2.78,2.935,2.13,352,0.386486083,Augmentable
35-2012.00,3.0,2.31,3.06,2.565,3.06,2.06,0.94,2.06,0.75,2.25,2.685,3.0,2.125,2.44,0.5,2.0,1.69,2.19,3.0,3.12,3.0,2.435,2.12,2.5,3.125,0.5,2.685,3.31,3.315,2.56,2.625,0.6200000000000001,3.12,1.75,1.94,1.63,3.0,0.5,0.6200000000000001,3.0,2.94,1.94,1.69,2.375,2.185,3.0,3.0,2.685,2.875,2.25,3.0,2.75,2.77,3.41,3.025,2.32,3.745,2.75,3.02,2.465,2.54,2.6950000000000003,0.91,3.975,2.8,3.35,3.94,2.83,3.525,3.91,3.09,2.75,3.21,3.1500000000000004,3.425,2.63,1.79,3.74,1.965,3.225,2.575,2.98,2.58,0.92,1.5699999999999998,3.14,2.685,1.815,1.945,2.425,3.135,3.02,1.72,352,0.386486083,Augmentable
35-2013.00,3.0,1.75,3.0,2.5,3.12,2.0,0.8799999999999999,2.12,1.69,2.25,2.75,3.06,2.31,3.185,0.5,1.875,1.56,2.0,3.0,3.06,3.0,2.0,2.06,2.88,3.315,0.5,2.185,3.19,3.06,3.06,2.435,0.5,3.185,1.44,1.56,1.75,3.0,0.5,0.5,2.88,3.0,2.06,0.5,1.875,2.75,2.25,3.0,2.94,2.5,2.25,3.0,2.75,2.16,2.77,2.635,3.27,2.555,2.56,2.73,2.63,1.845,2.4450000000000003,0.825,4.15,2.84,2.965,4.0,2.555,3.635,3.64,2.48,1.595,2.69,3.17,3.22,3.5,2.035,4.27,3.385,3.35,3.135,2.88,1.96,0.8200000000000001,1.42,2.635,2.9850000000000003,3.135,1.475,3.675,2.615,3.34,2.4450000000000003,352,0.386486083,Augmentable
35-2014.00,3.0,2.315,2.88,3.0,2.815,1.5,1.25,2.06,1.38,2.62,2.75,3.0,2.38,2.5,0.5,2.06,1.56,2.185,2.44,3.0,3.315,1.94,2.06,2.75,3.44,0.5,2.185,3.0,3.06,2.435,3.0,0.6200000000000001,3.06,1.185,1.94,1.75,2.94,0.6200000000000001,1.0,2.75,2.875,2.0,1.565,2.31,2.315,3.0,3.0,3.0,2.565,2.5,2.685,2.315,1.08,1.465,2.05,1.33,2.4000000000000004,2.185,2.255,1.285,1.735,1.03,0.93,2.16,1.48,2.045,2.4850000000000003,2.09,3.67,2.8200000000000003,2.135,1.29,2.3,2.265,2.47,1.645,1.165,2.435,1.055,2.6100000000000003,1.81,2.485,1.59,1.0,1.3050000000000002,1.735,1.3,1.0499999999999998,0.875,2.125,2.36,1.765,1.11,352,0.386486083,Augmentable
35-2015.00,2.94,2.435,2.815,2.75,2.565,1.38,0.75,2.06,1.25,2.75,2.815,2.94,2.13,2.0,0.5,1.94,1.875,2.185,2.435,3.06,3.06,1.935,2.31,2.375,3.31,0.5,2.065,3.25,2.815,1.81,2.685,0.6200000000000001,2.81,1.625,1.94,1.44,2.875,0.6200000000000001,0.6200000000000001,2.63,2.75,2.06,1.31,2.25,2.06,2.94,3.185,2.685,2.185,1.5,2.5,2.0,2.02,2.075,2.085,1.58,3.005,2.655,2.215,1.675,2.23,1.46,1.025,2.915,2.61,2.93,3.33,1.86,2.325,2.97,2.575,2.21,2.82,2.71,2.56,1.62,0.975,2.79,0.725,2.46,2.69,3.145,1.44,0.6799999999999999,1.46,1.97,2.55,1.99,1.185,2.075,2.355,2.98,1.485,352,0.386486083,Augmentable
35-2021.00,2.815,2.06,2.62,2.0,2.37,1.94,0.75,2.0,1.375,2.5,2.315,2.88,1.94,1.815,0.5,1.81,1.565,1.815,2.25,2.625,2.88,1.63,1.815,2.0,3.0,0.5,1.81,3.0,2.63,1.815,1.94,0.6200000000000001,2.37,0.8799999999999999,1.185,0.75,2.31,0.5,1.315,2.69,2.815,1.875,1.06,2.25,2.125,2.0,3.0,2.065,1.94,1.69,2.185,1.815,2.02,2.105,2.925,1.25,2.82,2.1,2.355,1.5450000000000002,2.46,1.94,1.01,3.28,2.975,3.02,3.54,2.825,3.27,3.12,2.505,1.14,2.18,3.095,2.99,2.31,1.6,3.0,1.605,3.095,2.305,2.325,1.6550000000000002,1.145,0.965,1.845,1.5450000000000002,1.34,1.16,1.6999999999999995,2.6100000000000003,2.245,1.355,352,0.386486083,Augmentable
35-3011.00,3.06,3.0,2.88,2.56,3.0,2.12,0.5,2.06,1.0,2.75,2.88,3.0,2.75,2.815,0.5,2.625,2.06,2.25,3.0,3.125,3.06,2.185,2.875,2.815,3.375,0.5,2.375,3.75,3.815,2.815,2.685,0.6200000000000001,3.125,1.565,1.565,1.565,3.0,0.685,0.685,3.06,3.375,2.12,1.625,2.31,2.435,2.88,2.94,2.62,2.56,1.875,3.0,2.94,2.37,3.21,3.39,3.06,3.165,1.765,3.46,2.39,2.93,2.705,1.115,4.43,2.83,2.84,3.175,3.3150000000000004,3.92,3.35,2.905,1.69,2.975,3.0250000000000004,2.91,3.485,1.6,2.925,2.315,2.97,4.165,2.55,2.76,1.355,1.52,3.24,2.67,3.105,2.37,3.165,3.54,3.125,2.31,353,0.378331115,Augmentable
35-3023.00,2.37,2.19,2.0,1.94,2.125,0.94,0.5,1.875,0.6200000000000001,2.0,2.5,2.125,1.94,1.94,0.5,1.69,1.44,1.375,2.06,2.375,2.435,1.81,2.125,1.625,2.94,0.5,2.0,3.0,3.0,1.875,2.0,0.815,2.5,0.8799999999999999,1.56,1.12,2.31,0.5,1.25,3.0,3.0,1.875,0.815,2.0,1.315,2.44,2.63,1.875,1.435,1.12,2.06,1.94,1.87,3.0,2.03,1.6,2.9850000000000003,2.06,2.495,2.085,2.21,1.605,0.8200000000000001,2.9000000000000004,1.52,1.8,3.08,1.385,2.845,2.28,2.0,1.785,1.965,2.64,2.555,1.34,0.8600000000000001,2.355,1.125,2.6500000000000004,3.405,2.31,2.01,1.07,0.905,2.915,2.115,2.285,1.0750000000000002,1.87,2.585,2.58,2.19,353,0.378331115,Augmentable
35-3023.01,3.0,2.62,2.75,2.81,2.75,1.87,0.685,2.19,1.935,2.815,2.25,3.12,2.685,2.5,0.5,2.0,1.75,2.5,2.56,2.935,2.94,2.0,2.5,2.685,3.125,0.5,2.25,3.5,3.56,2.31,2.625,0.5,2.935,2.0,2.5,1.125,2.69,0.815,0.75,3.31,3.315,2.62,1.125,2.31,2.435,2.81,3.0,2.5,2.38,2.25,3.06,2.685,2.14,2.73,2.71,3.255,3.795,3.87,2.675,2.315,2.305,2.295,1.155,4.455,2.665,2.465,3.14,2.57,4.165,3.66,2.78,2.185,2.955,2.9450000000000003,3.085,2.845,1.365,3.49,1.825,3.41,4.405,2.47,2.04,2.3200000000000003,2.71,3.16,2.26,3.175,2.225,2.595,3.245,2.365,2.3,353,0.378331115,Augmentable
35-3031.00,2.69,2.5,2.37,2.0,2.69,1.25,0.94,2.31,1.38,2.75,2.5,2.565,2.125,2.06,0.5,2.815,2.0,2.0,2.375,2.625,2.875,1.81,2.62,2.375,3.0,0.5,1.94,3.44,3.5,1.94,2.06,0.6200000000000001,3.12,0.6200000000000001,1.0,0.5,2.63,0.6200000000000001,1.315,3.375,3.435,2.0,1.12,3.0,2.5,3.0,3.125,2.25,2.0,0.6200000000000001,2.88,2.37,1.915,3.115,2.26,2.03,3.71,1.885,3.205,1.77,2.52,0.92,0.625,3.425,2.31,2.875,2.935,2.11,3.855,3.865,2.43,1.94,3.39,2.37,2.785,1.885,0.89,2.295,1.34,3.35,4.17,2.065,2.02,1.275,0.875,2.93,1.6800000000000002,2.94,1.07,2.535,2.125,2.955,2.805,353,0.378331115,Augmentable
35-3041.00,2.75,2.12,2.185,2.0,2.5,1.75,0.5,1.685,0.94,2.25,2.435,2.25,2.06,1.94,0.5,2.25,1.88,2.0,2.565,2.5,2.565,1.56,1.935,2.125,3.06,0.5,2.0,3.25,3.06,1.94,2.12,0.5,2.75,1.56,1.56,1.12,2.625,0.5,1.06,3.0,3.0,1.625,1.25,2.185,2.25,2.185,2.63,2.0,2.12,1.38,2.75,2.31,3.225,3.815,3.3,3.23,3.885,3.18,2.925,2.05,2.6100000000000003,2.725,1.325,3.86,2.11,3.24,4.02,2.75,4.109999999999999,4.324999999999999,3.185,2.455,2.75,3.2,3.585,2.895,1.455,3.27,2.105,4.025,4.345,3.28,2.72,1.43,1.435,3.17,2.015,2.24,1.775,2.62,3.305,2.785,2.725,353,0.378331115,Augmentable
41-1011.00,2.315,2.185,3.0,1.69,3.37,1.19,0.5,2.06,1.125,2.25,2.94,2.44,2.815,3.06,0.5,2.0,1.81,2.19,3.0,3.12,2.19,2.75,2.75,2.315,3.31,0.5,2.88,3.88,3.94,3.06,2.62,0.5,3.435,0.8799999999999999,0.94,1.19,2.875,0.6200000000000001,0.75,3.565,3.815,2.75,1.19,1.875,2.125,2.565,2.375,2.5,2.565,1.875,3.19,3.375,3.325,3.215,4.195,3.975,4.03,2.19,3.945,2.515,3.615,2.9000000000000004,0.76,4.305,2.35,3.365,3.8,4.005,3.31,3.775,2.33,2.775,3.1900000000000004,3.97,3.405,2.78,1.265,3.815,2.995,2.695,4.34,2.95,2.95,1.205,1.215,4.21,3.68,3.69,3.335,2.78,4.1850000000000005,3.315,3.1500000000000004,411,0.51334097,Augmentable
41-1012.00,0.94,1.94,3.31,1.06,3.815,1.315,0.5,0.75,0.6200000000000001,0.5,2.94,2.185,2.75,3.56,0.5,0.5,0.5,1.63,3.815,3.37,1.125,3.12,2.685,0.5,3.62,0.5,3.06,4.0,4.0600000000000005,3.13,2.685,0.5,3.31,0.6200000000000001,0.75,0.5,2.75,0.5,0.6200000000000001,3.94,4.0,2.19,0.5,0.75,0.5,2.435,1.565,1.565,2.815,0.94,3.875,3.69,4.1850000000000005,2.75,4.565,3.875,4.92,2.855,3.915,4.175,3.91,3.71,1.035,4.13,2.995,4.025,4.54,4.6850000000000005,2.46,4.155,2.66,3.34,3.96,4.835,3.83,3.33,2.165,4.445,3.2,2.2,3.0,4.1850000000000005,4.1850000000000005,2.025,1.515,4.025,4.205,3.7,3.435,3.585,4.055,4.16,4.02,411,0.51334097,Augmentable
41-2011.00,2.25,1.75,2.75,2.19,2.62,1.125,0.5,1.56,1.38,2.06,2.12,2.435,2.0,2.0,0.5,1.81,1.625,2.0,2.62,2.875,2.31,2.19,2.435,2.06,3.185,0.5,2.435,3.5,3.25,2.0,2.315,0.5,2.875,1.0,1.0,1.315,2.815,0.5,0.5,3.0,3.0,1.94,0.5,2.0,2.06,2.815,2.56,2.0,1.69,1.565,3.06,2.44,2.04,2.185,2.1950000000000003,2.595,2.895,2.16,1.865,1.41,1.905,1.985,1.08,3.375,1.71,2.335,3.41,1.575,2.87,2.76,1.495,1.86,2.025,2.66,2.4,1.82,1.215,2.365,2.26,2.3,3.685,2.09,1.885,1.2,0.94,2.21,1.705,2.225,1.6,1.915,2.38,2.4,2.51,412,0.5623647986,Augmentable
41-2012.00,2.69,2.75,2.94,2.12,2.94,1.69,0.6200000000000001,1.625,0.685,2.0,2.94,2.81,2.56,2.185,0.5,1.81,1.56,2.25,2.81,3.125,2.5,2.75,2.185,1.94,3.25,0.5,3.06,3.375,3.315,2.06,3.0,0.5,3.125,1.5,1.56,1.5,2.88,1.12,0.685,3.06,3.125,2.12,1.25,1.625,1.875,2.5,2.25,2.375,2.12,1.87,3.0,2.565,2.755,3.21,3.355,2.83,4.025,2.52,3.03,2.03,2.85,3.225,2.36,4.33,2.37,4.025,3.865,2.94,3.055,3.195,3.02,2.845,3.235,3.86,3.3200000000000003,2.5250000000000004,1.505,3.47,2.62,3.045,4.380000000000001,3.855,2.54,2.45,2.41,3.845,2.72,1.86,1.69,2.185,3.185,3.625,3.3,412,0.5623647986,Augmentable
41-2021.00,2.12,2.185,2.815,2.44,2.88,1.94,0.5,1.56,0.94,1.75,2.815,2.19,2.685,2.37,1.06,1.75,1.56,2.06,2.815,3.06,2.0,2.5,2.25,2.19,3.25,1.125,2.815,3.94,3.815,2.185,2.435,1.25,2.935,1.56,1.81,1.875,3.0,1.12,1.125,3.435,3.5,2.06,1.0,1.69,2.0,2.37,2.19,2.0,2.06,1.75,3.185,3.0,2.645,2.95,3.0,3.245,3.605,2.415,2.77,2.59,2.44,3.625,1.955,3.5,2.55,2.635,3.335,2.35,3.415,3.265,3.095,2.68,3.085,3.585,2.895,2.79,3.11,3.29,2.29,2.655,4.425000000000001,3.745,2.26,2.165,2.505,3.19,2.255,3.34,1.875,2.94,2.95,2.69,3.395,412,0.5623647986,Augmentable
41-2022.00,2.88,2.435,3.12,2.12,3.0,1.435,0.5,1.75,1.12,2.375,2.94,2.94,2.94,2.75,1.375,1.94,1.815,2.12,3.125,3.25,2.63,2.5,2.75,2.375,3.88,1.06,2.815,3.94,4.0,2.625,3.0,1.185,3.065,1.315,1.435,1.565,3.0,1.185,1.5,3.435,3.75,2.88,0.6200000000000001,1.94,2.56,2.75,2.75,2.815,2.815,1.435,3.5,3.13,3.455,3.295,3.365,4.71,4.32,3.16,3.795,3.135,3.47,3.83,2.58,4.295,2.77,3.285,4.49,3.355,4.08,4.0,2.73,3.4450000000000003,3.4400000000000004,4.175000000000001,4.17,3.555,3.3200000000000003,3.93,3.69,3.435,4.62,4.1,3.39,3.045,2.845,4.15,3.76,3.975,2.83,3.855,3.675,4.2,4.45,412,0.5623647986,Augmentable
41-2031.00,2.125,2.12,2.88,2.0,2.94,1.565,0.5,1.5,1.125,1.75,2.38,2.315,2.185,2.88,0.5,1.875,1.69,1.875,2.88,2.94,1.94,2.435,2.5,1.875,3.0,0.5,2.62,3.75,3.94,2.75,2.31,0.5,3.185,0.8799999999999999,1.0,0.5,2.75,0.5,0.5,3.37,3.62,2.12,1.0,1.875,1.815,2.625,2.625,2.06,2.31,0.8799999999999999,3.0,3.0,2.685,2.83,2.235,2.67,3.36,2.7350000000000003,2.77,2.61,2.345,2.4,1.045,4.26,2.49,2.375,3.955,2.055,3.665,3.26,2.47,2.545,3.245,3.395,3.345,1.485,1.355,3.06,2.12,2.945,4.785,2.965,1.935,1.6749999999999998,1.5499999999999998,3.49,2.31,4.455,1.205,3.075,2.34,3.575,2.99,412,0.5623647986,Augmentable
41-3011.00,0.8799999999999999,1.94,3.125,1.63,3.37,1.875,0.5,0.5,0.5,0.5,2.75,1.37,2.815,3.565,0.75,0.5,0.5,1.875,3.185,3.19,0.5,2.815,2.69,1.38,3.565,0.75,2.815,4.0,4.0600000000000005,3.315,2.685,0.75,3.12,0.8799999999999999,0.8799999999999999,0.8799999999999999,2.94,1.0,0.94,4.0600000000000005,4.0,2.685,0.5,0.5,0.5,2.88,2.0,2.56,2.88,0.685,3.88,3.625,3.21,2.315,2.495,5.175,4.44,1.185,2.855,3.385,2.655,3.195,0.85,4.789999999999999,2.735,3.075,4.145,2.13,1.44,3.29,1.495,2.635,3.135,4.14,3.335,2.1950000000000003,2.12,4.705,3.48,1.875,4.71,3.715,3.33,1.12,0.5900000000000001,4.595,3.765,5.44,1.57,4.535,2.265,4.19,3.78,413,0.5635167363333333,Augmentable
41-3021.00,0.5,1.63,3.185,1.0,3.435,0.8799999999999999,0.5,0.5,0.5,0.5,2.38,1.435,2.815,2.94,0.5,0.5,0.5,1.25,3.185,3.06,0.5,3.06,2.375,0.8799999999999999,3.56,0.5,3.0,4.0600000000000005,4.0600000000000005,2.875,2.435,0.5,3.375,0.5,0.5,0.5,2.625,0.5,0.5,3.75,3.685,2.31,0.5,0.5,0.5,2.5,1.5,1.565,1.875,1.0,4.0,3.685,3.51,2.04,2.09,3.175,3.455,1.07,2.245,3.355,2.485,3.0250000000000004,1.13,4.385,2.255,3.605,3.975,2.095,1.495,3.345,1.885,2.765,3.265,3.7,3.105,1.885,1.765,3.995,3.375,1.46,3.685,3.495,2.55,1.075,0.935,3.215,3.045,4.115,1.455,3.61,2.185,3.715,3.805,413,0.5635167363333333,Augmentable
41-3031.00,0.6200000000000001,2.125,3.25,0.6200000000000001,4.0,0.815,0.5,0.5,0.5,0.6200000000000001,2.56,0.5,3.0,3.5,0.6200000000000001,0.5,0.5,1.75,3.44,3.38,0.6200000000000001,3.315,2.625,0.6200000000000001,3.5,0.6200000000000001,3.37,4.0,4.0,3.0,2.935,0.6200000000000001,3.625,0.5,0.685,0.6200000000000001,2.75,0.6200000000000001,0.94,3.56,3.75,3.065,0.5,0.5,0.5,2.565,1.75,1.37,2.125,1.75,3.87,3.56,4.215,1.89,2.895,4.155,4.12,1.24,2.945,3.315,2.625,3.6,0.6950000000000001,4.62,2.8,4.12,4.335,2.6,0.905,3.875,1.33,3.68,3.74,4.25,3.345,2.405,1.095,4.35,3.305,1.24,3.53,4.285,3.1950000000000003,0.855,0.8049999999999999,3.63,3.135,4.04,1.555,3.355,2.72,4.4350000000000005,4.07,413,0.5635167363333333,Augmentable
41-3041.00,1.185,2.37,3.0,1.0,3.435,1.12,0.5,0.8799999999999999,0.5,0.5,2.0,1.875,2.44,3.25,0.5,0.5,0.5,1.25,3.0,3.125,1.25,2.44,2.815,0.5,3.88,0.5,2.94,4.0,3.94,3.0,2.06,0.5,3.19,0.5,0.5,0.6200000000000001,2.75,0.5,0.5,3.81,4.0600000000000005,2.125,0.5,0.5,0.5,2.88,1.81,1.315,2.185,1.935,3.815,3.06,3.525,2.36,2.865,4.105,3.765,1.165,2.935,2.42,1.83,3.63,1.295,4.03,2.635,2.465,4.525,2.335,1.335,2.95,1.935,3.18,3.6,3.795,2.725,2.275,1.13,3.92,3.585,0.91,4.265000000000001,4.24,2.805,1.44,1.61,3.565,3.2750000000000004,3.965,2.14,3.005,2.965,4.125,4.215,413,0.5635167363333333,Augmentable
51-1011.00,2.94,2.625,3.125,2.94,3.75,2.31,0.5,2.0,1.13,2.0,3.0,2.94,2.94,3.185,1.5,2.0,1.625,2.31,3.62,3.435,2.94,2.94,2.25,2.62,3.125,1.12,2.88,4.0,4.0,3.37,3.06,1.56,3.94,2.25,2.69,2.125,3.06,1.5,1.5,3.685,3.565,2.565,1.435,2.0,2.06,2.94,2.315,2.315,3.12,2.0,3.685,3.685,3.4000000000000004,2.54,4.005,2.925,4.445,3.995,3.825,2.985,3.815,3.275,2.8150000000000004,4.025,2.88,3.78,4.105,4.35,3.815,3.875,3.945,2.665,3.58,4.215,4.15,3.695,2.715,4.1850000000000005,3.24,3.11,1.9,3.84,3.23,3.0250000000000004,3.25,3.965,3.905,2.33,3.255,3.72,3.645,3.84,3.505,511,0.34855115999999997,Augmentable
53-1041.00,2.81,3.185,3.06,2.94,3.37,3.0,1.315,2.435,1.435,3.06,3.435,2.75,3.185,3.0,2.25,2.435,2.0,2.815,3.06,3.185,3.06,2.88,2.44,3.25,3.375,1.5,2.94,3.94,3.94,2.94,3.25,2.0,3.69,2.75,3.0,2.56,3.5,1.815,2.06,3.25,3.19,3.0,2.125,2.56,3.5,3.185,3.06,2.88,3.435,2.06,3.06,3.0,3.155,2.92,3.815,3.655,4.465,3.945,4.205,3.0250000000000004,3.875,3.5,1.69,4.325,3.535,4.4,4.449999999999999,4.43,4.83,4.135,4.11,3.215,3.46,4.625,4.415,3.26,3.835,4.4,3.58,4.065,3.74,3.955,2.635,2.47,2.225,3.825,3.785,2.21,2.62,3.29,3.845,4.345000000000001,3.725,531,0.5298889962857143,Augmentable
53-1042.00,2.75,2.685,3.0,2.62,3.685,2.125,1.0,2.06,1.435,2.315,3.0,2.685,2.62,2.94,1.63,2.0,1.69,1.94,3.25,3.25,3.0,2.185,2.06,2.25,3.185,1.315,2.38,4.0,4.0,2.81,2.44,1.75,3.56,2.12,2.12,1.94,3.06,1.625,1.75,3.435,3.565,2.31,1.12,2.0,2.315,2.88,2.75,1.94,2.94,1.25,3.75,3.185,3.555,2.85,4.17,3.47,4.425000000000001,2.98,3.665,3.47,4.015000000000001,3.38,2.275,3.87,3.33,3.745,4.505000000000001,4.145,3.69,4.085,3.905,3.35,4.17,4.215,4.465,3.645000000000001,2.92,4.23,3.435,2.81,1.985,3.565,3.155,2.55,2.91,3.95,3.625,2.055,2.645,3.415,3.94,4.135,3.83,531,0.5298889962857143,Augmentable
53-1042.01,2.12,2.38,3.065,2.44,3.435,2.31,0.5,0.5,0.5,0.5,2.685,2.5,2.685,2.88,1.435,0.6200000000000001,0.5,1.875,3.25,3.31,2.065,2.625,2.125,2.565,3.19,1.435,2.685,3.815,3.75,2.56,2.44,1.315,3.19,1.565,1.94,2.0,2.87,1.185,1.69,3.5,3.435,2.185,1.435,0.6200000000000001,1.935,2.44,2.125,2.06,2.185,1.5,3.315,3.185,3.805,2.995,4.015000000000001,4.795,4.880000000000001,2.49,4.465,3.87,3.86,3.9,1.765,4.515000000000001,3.39,4.0,4.145,4.455,3.87,2.98,3.075,3.075,4.285,4.695,3.86,4.105,2.975,5.19,3.83,2.665,4.21,4.42,3.355,1.66,2.155,4.525,4.865,4.295,3.265,3.81,3.9,4.28,4.06,531,0.5298889962857143,Augmentable
53-1043.00,2.75,2.38,3.06,2.38,3.685,2.56,0.5,1.06,0.6200000000000001,1.565,3.125,2.44,3.06,3.0,1.185,1.94,1.315,2.185,3.25,3.44,2.38,2.815,2.185,2.56,3.44,1.12,2.875,4.0,4.0,3.06,2.88,1.625,3.75,2.06,2.12,2.12,3.06,1.69,1.875,3.25,3.19,2.75,1.185,1.81,2.12,3.0,2.25,2.44,2.94,1.75,3.815,3.625,3.735,3.035,4.405,3.58,4.735,3.63,4.58,3.385,4.105,4.035,1.585,4.11,2.745,4.055,4.965,4.48,4.35,3.85,3.74,3.71,4.07,4.365,3.8,3.01,3.745,4.44,3.635,2.465,3.5,3.735,3.415,1.6,3.645,4.035,3.915,2.685,3.5,3.605,3.615,4.2,3.935,531,0.5298889962857143,Augmentable
53-2011.00,3.875,3.625,3.19,4.5600000000000005,4.25,4.25,0.5,1.38,1.0,2.5,4.815,3.12,4.0600000000000005,3.06,3.935,1.25,1.94,3.875,4.125,4.0600000000000005,3.375,3.12,3.12,4.125,4.315,3.63,3.435,4.375,4.19,2.94,4.1850000000000005,3.94,4.875,4.5600000000000005,4.625,5.25,4.0600000000000005,2.88,4.3100000000000005,3.815,3.875,3.69,2.75,1.12,2.12,4.125,1.75,3.5,3.69,2.75,4.0600000000000005,3.185,4.095,2.59,3.04,2.37,3.895,5.0600000000000005,2.325,2.56,2.98,3.09,1.01,3.33,3.58,5.205,4.93,2.6950000000000003,3.04,5.17,4.815,3.41,3.69,5.27,5.45,2.655,5.5,3.895,1.81,2.025,2.625,4.785,2.6,1.7,1.3,3.39,2.495,1.125,1.0,2.81,2.93,4.92,3.25,532,0.546228985,Augmentable
53-2012.00,3.185,3.185,3.12,4.3100000000000005,4.0,4.0600000000000005,0.5,2.0,1.375,2.185,4.375,2.94,3.69,3.06,3.31,1.875,1.75,3.12,4.0,4.0,3.25,2.94,2.56,4.0,4.0,2.875,2.685,4.125,4.0600000000000005,3.0,4.0600000000000005,3.06,4.5,3.94,4.0600000000000005,4.3100000000000005,4.0,2.56,3.88,3.815,3.685,3.31,1.75,1.75,2.12,3.81,2.375,3.125,3.315,2.185,3.94,3.565,5.404999999999999,3.47,3.2,4.35,5.065,5.795,3.875,4.640000000000001,3.745,4.57,2.855,4.475,4.35,5.445,4.73,3.585,4.06,5.25,5.605,4.135,4.815,5.46,5.245,4.04,5.734999999999999,5.115,3.33,3.745,4.25,5.45,2.98,4.48,5.119999999999999,3.415,3.86,2.17,2.775,4.675000000000001,4.875,4.955,3.265,532,0.546228985,Augmentable
53-2021.00,2.44,3.69,3.81,2.88,4.38,2.62,0.5,0.5,0.5,0.6200000000000001,4.1850000000000005,2.94,4.375,3.565,1.75,0.5,0.5,2.815,4.125,4.0600000000000005,2.19,3.12,3.0,0.8799999999999999,4.12,2.12,3.125,4.62,4.6850000000000005,3.44,4.25,1.185,4.6850000000000005,1.06,1.375,1.25,4.69,1.315,1.44,4.0600000000000005,4.19,4.565,0.5,0.5,0.5,4.87,1.435,3.0,4.0,0.6200000000000001,3.88,3.38,4.425,2.27,4.19,3.375,4.75,2.26,2.97,3.27,2.795,3.515,1.23,3.53,3.56,4.365,4.96,2.54,1.615,5.185,3.045,3.225,2.88,5.55,4.975,1.765,0.825,4.465,1.875,1.125,3.895,4.705,2.545,0.995,0.725,2.855,2.655,1.155,1.515,4.484999999999999,4.645,4.84,3.49,532,0.546228985,Augmentable
53-2022.00,2.19,3.125,3.12,2.815,4.0600000000000005,2.62,0.5,1.375,0.8799999999999999,1.565,3.81,2.185,3.185,2.94,2.185,1.435,1.5,2.5,3.625,3.685,2.435,2.5,2.185,2.185,3.685,2.125,2.185,4.0,4.0,2.94,3.185,2.12,4.1850000000000005,1.44,2.125,2.25,3.315,1.75,2.38,3.375,3.185,2.815,1.12,1.38,1.5,3.0,2.065,2.75,3.0,1.44,4.0,3.685,3.48,3.165,3.865,3.605,4.695,3.48,4.175,3.145,3.495,4.465,1.715,4.17,2.99,4.74,4.49,3.34,3.66,4.75,4.744999999999999,3.25,4.01,4.574999999999999,4.665,2.78,4.45,4.385,3.4850000000000003,3.355,3.69,3.725,3.3600000000000003,2.205,2.34,3.925,3.475,2.0,3.155,3.24,3.84,4.734999999999999,3.3600000000000003,532,0.546228985,Augmentable
53-2031.00,2.815,3.435,3.0,1.94,3.62,1.94,0.5,2.12,1.25,3.12,3.12,2.75,2.875,2.565,1.06,2.815,3.06,2.5,3.185,3.125,2.815,1.94,2.06,2.685,3.5,0.815,2.06,3.94,4.0,2.5,3.12,0.6200000000000001,3.815,1.185,2.12,1.875,3.12,0.685,0.75,4.0,3.88,2.75,1.94,2.685,2.88,2.88,3.0,2.56,2.06,1.0,3.0,2.88,3.01,4.619999999999999,2.065,2.7,3.43,2.21,3.2,2.355,2.01,2.85,0.76,3.99,3.015,4.26,4.205,2.135,4.645,4.52,3.835,2.655,3.8,4.085,4.24,1.855,1.25,3.55,1.475,4.115,4.88,3.64,1.885,0.98,0.995,3.905,3.03,2.66,1.225,2.855,2.39,3.825,2.745,532,0.546228985,Augmentable
53-3011.00,3.06,2.625,3.0,3.06,3.435,2.94,0.5,2.44,1.25,2.94,3.185,2.94,3.0,2.75,1.815,2.75,1.75,2.37,3.12,3.06,3.0,1.69,1.94,3.12,3.375,2.12,1.685,3.94,3.875,2.25,3.06,2.12,3.815,2.94,3.37,3.12,3.0,1.5,3.12,3.0,3.185,2.75,2.625,2.25,3.5,3.12,3.0,2.25,2.88,1.06,3.12,2.94,3.115,4.655,2.705,2.74,3.525,3.08,2.51,2.665,2.585,3.9,2.02,4.165,2.855,3.51,4.38,2.22,4.205,3.93,4.3,3.4000000000000004,3.5700000000000003,3.515,4.24,3.17,4.38,3.4850000000000003,2.455,4.15,4.395,3.59,2.655,2.6950000000000003,3.73,3.06,2.925,2.375,2.1,3.385,3.13,4.075,2.99,533,0.423399597,Augmentable
53-3031.00,2.625,2.25,3.0,3.0,3.0,2.31,0.5,2.12,1.125,2.69,3.0,2.94,2.435,2.435,2.0,2.25,1.87,2.185,2.94,3.0,2.88,2.125,2.06,2.94,3.185,1.94,2.25,3.75,3.75,2.19,2.815,2.19,3.06,2.375,2.5,2.31,2.75,2.0,2.37,3.06,3.185,2.0,1.565,2.25,3.0,2.685,3.0,2.435,2.185,1.875,3.0,2.94,2.515,1.465,1.425,2.865,3.555,2.625,1.84,1.765,2.1950000000000003,2.825,0.725,3.225,1.68,3.115,3.89,2.2350000000000003,5.28,3.435,2.625,2.34,2.885,2.915,3.335,1.52,4.28,3.495,1.44,4.65,4.385,2.745,1.815,0.83,1.025,2.3,2.5700000000000003,2.75,0.765,2.575,1.5950000000000002,2.375,1.935,533,0.423399597,Augmentable
53-3032.00,3.0,3.06,3.0,3.88,3.06,3.5,1.315,2.38,1.435,2.75,4.0,2.815,2.875,2.0,2.94,2.13,2.125,3.0,2.88,2.94,3.0,1.94,1.94,3.94,3.31,2.94,2.0,3.06,3.0,1.815,2.88,3.0,3.31,3.94,3.875,3.94,3.185,2.75,3.69,2.94,2.94,2.315,2.56,2.31,3.19,3.0,2.815,2.56,3.0,2.685,3.0,2.31,2.525,2.21,2.17,3.215,3.72,3.01,2.11,1.85,1.715,3.02,1.325,3.065,2.945,3.645,4.2,1.62,3.86,3.985,4.19,1.65,2.91,3.2,4.02,1.915,4.375,3.04,1.565,3.955,2.865,3.0,1.755,1.835,3.52,2.69,2.485,1.405,1.245,2.555,2.285,3.155,2.43,533,0.423399597,Augmentable
53-3033.00,2.75,2.375,2.75,3.06,3.0,2.94,0.8799999999999999,2.25,1.0,3.0,3.5,2.565,2.25,2.19,2.31,2.435,1.625,2.44,2.81,2.94,3.0,2.06,1.875,3.435,3.125,2.315,2.06,3.06,3.37,2.0,2.81,2.435,3.065,2.88,3.06,3.0,2.88,2.0,3.31,2.94,3.0,2.06,1.815,2.87,3.37,2.815,3.12,2.625,2.815,1.75,3.0,2.5,2.665,3.045,2.6950000000000003,3.33,4.3100000000000005,3.325,2.145,2.81,2.6,3.87,2.805,3.015,2.8200000000000003,3.365,3.335,2.85,4.915,3.86,4.295,2.94,3.0,3.7,3.945,2.03,4.62,3.655,1.915,4.58,3.345,3.34,2.6,1.885,3.565,3.615,3.095,2.6900000000000004,1.12,2.395,3.0,3.915,1.9,533,0.423399597,Augmentable
53-3051.00,2.935,3.125,2.5,3.315,2.94,3.25,1.0,2.065,1.435,1.935,3.75,2.125,2.685,2.25,2.5,1.935,1.63,3.0,2.815,3.12,2.75,1.69,2.44,3.25,3.5,2.435,2.125,3.315,3.12,2.25,2.88,3.315,3.25,3.25,3.5,3.31,3.12,2.62,3.185,3.125,3.25,2.75,1.315,1.69,1.935,3.185,2.56,2.87,2.62,2.375,2.875,2.75,2.685,3.685,2.245,1.81,3.49,2.86,2.515,2.45,2.37,3.12,2.02,3.685,3.185,3.28,4.175,2.415,2.2350000000000003,4.415,4.555,2.4450000000000003,3.08,3.92,4.395,1.71,3.935,3.265,1.375,2.485,2.81,2.98,2.01,1.715,2.28,3.29,3.19,1.01,1.7799999999999998,2.715,2.94,3.185,1.695,533,0.423399597,Augmentable
53-3052.00,3.0,3.06,2.25,3.63,2.625,3.315,0.6200000000000001,1.625,1.12,2.25,3.87,2.435,2.565,1.75,2.875,1.69,1.25,2.815,2.5,2.81,2.5,1.56,2.25,3.625,3.19,2.875,1.625,3.065,3.125,1.875,2.88,3.125,3.25,3.375,3.685,3.75,3.315,2.185,3.25,3.065,3.065,2.31,1.75,1.38,2.0,3.25,2.31,2.69,2.5,1.56,2.81,2.375,2.62,3.63,2.745,3.65,4.05,3.11,2.28,2.3600000000000003,1.995,2.985,1.235,3.895,2.93,3.08,3.755,1.78,2.85,3.715,3.99,2.605,2.775,4.01,3.91,1.555,4.65,2.88,1.425,3.0,4.29,3.1,2.325,1.49,2.24,3.27,2.66,1.41,1.025,2.555,3.575,3.545,2.145,533,0.423399597,Augmentable
53-3053.00,2.935,2.875,2.685,3.375,3.0,3.065,0.75,1.69,1.31,2.56,3.81,2.56,2.75,2.44,2.56,1.87,1.69,2.625,2.935,3.0,2.685,1.625,2.5,3.25,3.56,2.69,2.19,3.44,3.31,2.5,2.875,2.87,3.13,3.25,3.435,3.19,3.065,2.685,3.25,3.125,3.185,2.315,1.06,1.56,2.12,3.12,2.685,2.5,2.19,1.63,2.88,2.56,2.445,4.535,3.2,3.02,4.18,2.54,2.63,2.535,2.75,3.75,2.035,3.42,2.755,3.8,4.315,2.24,3.06,4.279999999999999,4.09,1.975,3.045,3.99,3.925,1.975,4.585,3.65,2.545,3.525,4.025,3.085,2.6,2.455,2.955,3.255,3.55,1.55,1.665,2.665,2.985,4.04,2.78,533,0.423399597,Augmentable
